acc,region_id,start,end,region_length,overlap_fraction,d2o_label,n_regions_in_protein,cluster
P49913,DP00004r001,134,170,37,1.0,1,1,1050
P27695,DP00007r002,1,42,42,0.0,0,4,828
P27695,DP00007r006,1,36,36,0.0,0,4,828
P27695,DP00007r007,32,43,12,0.0,0,4,828
P27695,DP00007r008,2,40,39,0.0,0,4,828
P0DMM9,DP00011r004,64,77,14,0.0,0,2,864
P0DMM9,DP00011r006,216,261,46,0.0,0,2,864
P13569,DP00012r005,708,831,124,0.0,0,3,72
P13569,DP00012r007,654,838,185,0.0,0,3,72
P13569,DP00012r010,708,831,124,0.0,0,3,72
P0DN86,DP00013r001,132,165,34,0.0,0,3,1055
P0DN86,DP00013r002,132,165,34,0.0,0,3,1055
P0DN86,DP00013r004,133,165,33,0.0,0,3,1055
P38936,DP00016r001,1,164,164,0.4634146341463415,0,6,1058
P38936,DP00016r002,1,164,164,0.4634146341463415,0,6,1058
P38936,DP00016r005,1,164,164,0.4634146341463415,0,6,1058
P38936,DP00016r006,1,94,94,0.8085106382978723,1,6,1058
P38936,DP00016r012,9,84,76,1.0,1,6,1058
P38936,DP00016r013,1,94,94,0.8085106382978723,1,6,1058
P49918,DP00017r001,1,316,316,0.0,0,6,834
P49918,DP00017r004,1,316,316,0.0,0,6,834
P49918,DP00017r007,1,316,316,0.0,0,6,834
P49918,DP00017r010,27,97,71,0.0,0,6,834
P49918,DP00017r013,27,97,71,0.0,0,6,834
P49918,DP00017r016,27,97,71,0.0,0,6,834
P46527,DP00018r008,105,198,94,0.10638297872340426,0,13,1013
P46527,DP00018r011,1,198,198,0.3484848484848485,0,13,1013
P46527,DP00018r020,1,50,50,0.52,1,13,1013
P46527,DP00018r021,97,197,101,0.09900990099009901,0,13,1013
P46527,DP00018r022,22,97,76,0.9078947368421053,1,13,1013
P46527,DP00018r023,22,97,76,0.9078947368421053,1,13,1013
P46527,DP00018r036,22,105,84,0.8214285714285714,1,13,1013
P46527,DP00018r037,1,198,198,0.3484848484848485,0,13,1013
P46527,DP00018r046,22,105,84,0.8214285714285714,1,13,1013
P46527,DP00018r048,22,97,76,0.9078947368421053,1,13,1013
P46527,DP00018r049,22,97,76,0.9078947368421053,1,13,1013
P46527,DP00018r054,58,105,48,0.75,1,13,1013
P46527,DP00018r055,58,105,48,0.75,1,13,1013
P14061,DP00023r005,286,328,43,0.0,0,2,818
P14061,DP00023r008,286,328,43,0.0,0,2,818
Q13541,DP00028r007,4,118,115,0.14782608695652175,0,5,1114
Q13541,DP00028r016,5,118,114,0.14912280701754385,0,5,1114
Q13541,DP00028r017,1,118,118,0.1440677966101695,0,5,1114
Q13541,DP00028r022,5,118,114,0.14912280701754385,0,5,1114
Q13541,DP00028r038,109,118,10,1.0,1,5,1114
P04150,DP00030r001,77,262,186,0.0,0,4,293
P04150,DP00030r005,77,262,186,0.0,0,4,293
P04150,DP00030r009,181,244,64,0.0,0,4,293
P04150,DP00030r017,1,518,518,0.0,0,4,293
P10912,DP00033r001,270,370,101,0.0,0,4,407
P10912,DP00033r005,270,370,101,0.0,0,4,407
P10912,DP00033r009,361,620,260,0.0,0,4,407
P10912,DP00033r010,361,620,260,0.0,0,4,407
P17096,DP00040r003,1,107,107,0.2336448598130841,0,2,1131
P17096,DP00040r012,1,107,107,0.2336448598130841,0,2,1131
P78356,DP00054r001,1,33,33,0.0,0,3,703
P78356,DP00054r002,304,342,39,0.0,0,3,703
P78356,DP00054r003,373,390,18,0.0,0,3,703
P27694,DP00061r005,109,168,60,0.0,0,2,427
P27694,DP00061r007,105,180,76,0.0,0,2,427
P19793,DP00062r001,1,130,130,0.0,0,4,623
P19793,DP00062r002,1,130,130,0.0,0,4,623
P19793,DP00062r008,178,187,10,0.0,0,4,623
P19793,DP00062r013,169,189,21,0.0,0,4,623
P63027,DP00069r006,40,67,28,1.0,1,1,1118
P37840,DP00070r001,1,140,140,1.0,1,12,1086
P37840,DP00070r007,100,140,41,1.0,1,12,1086
P37840,DP00070r011,1,140,140,1.0,1,12,1086
P37840,DP00070r013,42,92,51,1.0,1,12,1086
P37840,DP00070r016,1,140,140,1.0,1,12,1086
P37840,DP00070r020,1,140,140,1.0,1,12,1086
P37840,DP00070r028,1,140,140,1.0,1,12,1086
P37840,DP00070r030,1,140,140,1.0,1,12,1086
P37840,DP00070r031,1,140,140,1.0,1,12,1086
P37840,DP00070r032,1,140,140,1.0,1,12,1086
P37840,DP00070r037,1,103,103,1.0,1,12,1086
P37840,DP00070r039,101,140,40,1.0,1,12,1086
Q8WZ42,DP00072r001,9880,12031,2152,0.0,0,2,0
Q8WZ42,DP00072r004,11045,11070,26,0.0,0,2,0
P04818,DP00073r001,1,25,25,0.0,0,4,838
P04818,DP00073r005,107,128,22,0.0,0,4,838
P04818,DP00073r010,1,27,27,0.0,0,4,838
P04818,DP00073r013,117,128,12,0.0,0,4,838
P03372,DP00074r001,1,184,184,1.0,1,5,450
P03372,DP00074r003,1,184,184,1.0,1,5,450
P03372,DP00074r005,214,236,23,0.0,0,5,450
P03372,DP00074r008,253,262,10,0.0,0,5,450
P03372,DP00074r012,287,305,19,1.0,1,5,450
P11387,DP00075r001,1,174,174,0.0,0,6,300
P11387,DP00075r002,652,696,45,0.0,0,6,300
P11387,DP00075r005,636,712,77,0.0,0,6,300
P11387,DP00075r007,175,214,40,0.0,0,6,300
P11387,DP00075r012,628,719,92,0.0,0,6,300
P11387,DP00075r013,1,174,174,0.0,0,6,300
P01100,DP00078r001,216,380,165,0.0,0,3,755
P01100,DP00078r002,216,380,165,0.0,0,3,755
P01100,DP00078r003,216,380,165,0.0,0,3,755
Q92731,DP00079r001,1,103,103,0.0,0,2,450
Q92731,DP00079r003,1,103,103,0.0,0,2,450
P61244,DP00084r007,1,14,14,0.0,0,4,1063
P61244,DP00084r008,1,21,21,0.0,0,4,1063
P61244,DP00084r010,103,160,58,0.0,0,4,1063
Q04206,DP00085r001,428,551,124,0.0,0,2,500
Q04206,DP00085r004,428,551,124,0.0,0,2,500
P04637,DP00086r008,1,12,12,1.0,1,16,408
P04637,DP00086r013,1,93,93,0.5053763440860215,1,16,408
P04637,DP00086r018,291,312,22,0.0,0,16,408
P04637,DP00086r024,1,93,93,0.5053763440860215,1,16,408
P04637,DP00086r071,1,73,73,0.6438356164383562,1,16,408
P04637,DP00086r072,1,73,73,0.6438356164383562,1,16,408
P04637,DP00086r075,20,46,27,1.0,1,16,408
P04637,DP00086r076,56,70,15,0.4666666666666667,0,16,408
P04637,DP00086r077,1,61,61,0.7704918032786885,1,16,408
P04637,DP00086r085,361,393,33,0.6666666666666666,1,16,408
P04637,DP00086r086,361,393,33,0.6666666666666666,1,16,408
P04637,DP00086r088,367,388,22,1.0,1,16,408
P04637,DP00086r089,1,93,93,0.5053763440860215,1,16,408
P04637,DP00086r090,1,93,93,0.5053763440860215,1,16,408
P04637,DP00086r091,1,93,93,0.5053763440860215,1,16,408
P04637,DP00086r092,1,93,93,0.5053763440860215,1,16,408
Q14722,DP00090r001,1,62,62,0.0,0,1,692
Q08209,DP00092r001,1,13,13,0.0,0,6,535
Q08209,DP00092r002,374,468,95,1.0,1,6,535
Q08209,DP00092r010,487,521,35,0.0,0,6,535
Q08209,DP00092r017,373,466,94,1.0,1,6,535
Q08209,DP00092r040,373,466,94,1.0,1,6,535
Q08209,DP00092r046,393,411,19,1.0,1,6,535
P50440,DP00099r001,38,63,26,0.0,0,1,685
P10163,DP00119r001,17,310,294,0.0,0,2,843
P10163,DP00119r003,17,310,294,0.0,0,2,843
P01730,DP00123r008,396,433,38,0.0,0,2,629
P01730,DP00123r014,372,395,24,1.0,1,2,629
P22531,DP00130r009,2,20,19,0.0,0,2,1160
P22531,DP00130r012,48,72,25,0.0,0,2,1160
Q06787,DP00134r001,281,422,142,0.0,0,4,410
Q06787,DP00134r009,444,632,189,0.07936507936507936,0,4,410
Q06787,DP00134r019,281,422,142,0.0,0,4,410
Q06787,DP00134r020,516,632,117,0.1282051282051282,0,4,410
P12272,DP00138r009,37,50,14,0.0,0,2,1039
P12272,DP00138r010,68,144,77,0.0,0,2,1039
O95405,DP00141r005,766,823,58,0.0,0,1,81
Q13426,DP00152r008,204,265,62,0.0,0,3,812
Q13426,DP00152r009,202,336,135,0.0,0,3,812
Q13426,DP00152r011,202,336,135,0.0,0,3,812
P01112,DP00153r021,170,189,20,0.0,0,1,995
P54725,DP00156r001,79,160,82,0.0,0,3,778
P54725,DP00156r003,201,231,31,0.0,0,3,778
P54725,DP00156r005,283,316,34,0.0,0,3,778
O75324,DP00162r001,34,60,27,0.0,0,1,1153
P19429,DP00166r004,192,210,19,0.0,0,4,985
P19429,DP00166r005,137,148,12,0.0,0,4,985
P19429,DP00166r009,1,40,40,0.0,0,4,985
P19429,DP00166r010,167,210,44,0.0,0,4,985
Q9NVS9,DP00168r001,1,48,48,0.0,0,1,909
P04049,DP00171r006,236,255,20,0.0,0,2,299
P04049,DP00171r007,238,254,17,0.0,0,2,299
O00273,DP00173r001,1,100,100,0.89,1,2,816
O00273,DP00173r005,1,100,100,0.89,1,2,816
Q9NQB0,DP00175r001,1,56,56,0.23214285714285715,0,4,425
Q9NQB0,DP00175r016,1,53,53,0.24528301886792453,0,4,425
Q9NQB0,DP00175r021,1,130,130,0.1,0,4,425
Q9NQB0,DP00175r029,26,39,14,0.0,0,4,425
Q9Y5B0,DP00177r001,879,944,66,0.0,0,4,186
Q9Y5B0,DP00177r006,879,961,83,0.20481927710843373,0,4,186
Q9Y5B0,DP00177r009,944,961,18,0.9444444444444444,1,4,186
Q9Y5B0,DP00177r010,950,961,12,1.0,1,4,186
P11473,DP00184r007,165,215,51,0.0,0,1,665
P20810,DP00196r001,137,277,141,0.0,0,4,347
P20810,DP00196r004,137,277,141,0.0,0,4,347
P20810,DP00196r007,137,277,141,0.0,0,4,347
P20810,DP00196r011,137,277,141,0.0,0,4,347
P20963,DP00200r001,49,164,116,0.0,0,2,1057
P20963,DP00200r002,49,164,116,0.0,0,2,1057
P10451,DP00214r001,1,314,314,0.0,0,3,835
P10451,DP00214r014,17,314,298,0.0,0,3,835
P10451,DP00214r017,17,314,298,0.0,0,3,835
O60927,DP00219r001,1,126,126,0.0,0,2,1105
O60927,DP00219r004,1,126,126,0.0,0,2,1105
P14635,DP00223r001,1,78,78,0.0,0,2,668
P14635,DP00223r004,1,78,78,0.0,0,2,668
P05455,DP00229r001,326,408,83,0.0,0,2,719
P05455,DP00229r004,326,408,83,0.0,0,2,719
Q14449,DP00230r001,361,435,75,1.0,1,1,510
P14859,DP00231r001,1,200,200,0.0,0,3,318
P14859,DP00231r004,1,200,200,0.0,0,3,318
P14859,DP00231r007,355,379,25,0.0,0,3,318
P02686,DP00236r001,134,304,171,0.09941520467836257,0,10,849
P02686,DP00236r005,215,231,17,1.0,1,10,849
P02686,DP00236r006,215,231,17,1.0,1,10,849
P02686,DP00236r008,215,231,17,1.0,1,10,849
P38398,DP00238r008,100,1649,1550,0.0,0,3,42
P38398,DP00238r009,100,1649,1550,0.0,0,3,42
P38398,DP00238r010,100,1649,1550,0.0,0,3,42
P35611,DP00240r001,430,737,308,0.0,0,3,325
P35611,DP00240r003,430,737,308,0.0,0,3,325
P35611,DP00240r004,430,737,308,0.0,0,3,325
P35612,DP00241r001,409,726,318,0.0,0,3,325
P35612,DP00241r005,409,726,318,0.0,0,3,325
P35612,DP00241r009,409,726,318,0.0,0,3,325
P23025,DP00243r001,166,179,14,0.0,0,3,891
P23025,DP00243r007,210,219,10,0.0,0,3,891
P23025,DP00243r008,1,101,101,0.0,0,3,891
P01106,DP00260r001,1,88,88,0.0,0,10,636
P01106,DP00260r004,1,167,167,0.0,0,10,636
P01106,DP00260r010,1,143,143,0.0,0,10,636
P01106,DP00260r016,1,88,88,0.0,0,10,636
P01106,DP00260r020,1,88,88,0.0,0,10,636
P01106,DP00260r022,1,88,88,0.0,0,10,636
P01106,DP00260r023,1,167,167,0.0,0,10,636
P01106,DP00260r028,402,412,11,0.0,0,10,636
P01106,DP00260r029,363,381,19,0.0,0,10,636
P01106,DP00260r030,353,439,87,0.0,0,10,636
Q16665,DP00262r001,530,698,169,0.0,0,9,262
Q16665,DP00262r002,530,698,169,0.0,0,9,262
Q16665,DP00262r003,530,698,169,0.0,0,9,262
Q16665,DP00262r004,403,603,201,0.0,0,9,262
Q16665,DP00262r005,403,603,201,0.0,0,9,262
Q16665,DP00262r006,776,826,51,0.27450980392156865,0,9,262
Q16665,DP00262r007,403,603,201,0.0,0,9,262
Q16665,DP00262r013,530,698,169,0.0,0,9,262
Q16665,DP00262r014,403,603,201,0.0,0,9,262
Q04656,DP00282r001,1125,1176,52,0.0,0,1,67
P40337,DP00287r004,1,59,59,0.0,0,7,978
P40337,DP00287r005,54,213,160,0.0,0,7,978
P40337,DP00287r006,54,213,160,0.0,0,7,978
P40337,DP00287r008,54,213,160,0.0,0,7,978
P40337,DP00287r009,54,213,160,0.0,0,7,978
P40337,DP00287r010,54,213,160,0.0,0,7,978
P40337,DP00287r011,54,213,160,0.0,0,7,978
P10415,DP00297r001,26,48,23,0.0,0,1,933
Q07817,DP00298r001,28,80,53,0.0,0,4,933
Q07817,DP00298r003,28,80,53,0.0,0,4,933
Q07817,DP00298r005,28,80,53,0.0,0,4,933
Q07817,DP00298r010,25,80,56,0.0,0,4,933
P31751,DP00304r001,298,310,13,0.0,0,6,598
P31751,DP00304r002,297,312,16,0.0,0,6,598
P31751,DP00304r003,442,460,19,0.0,0,6,598
P31751,DP00304r004,442,480,39,0.0,0,6,598
P31751,DP00304r005,441,481,41,0.0,0,6,598
P31751,DP00304r006,190,201,12,0.0,0,6,598
Q07108,DP00306r003,64,84,21,0.0,0,1,1008
P51946,DP00307r001,288,323,36,0.0,0,4,824
P51946,DP00307r002,1,10,10,0.0,0,4,824
P51946,DP00307r003,288,323,36,0.0,0,4,824
P51946,DP00307r004,1,10,10,0.0,0,4,824
P06132,DP00308r001,1,10,10,0.0,0,1,773
P00533,DP00309r002,985,1012,28,0.0,0,8,110
P00533,DP00309r003,989,1000,12,0.0,0,8,110
P00533,DP00309r004,668,1210,543,0.0,0,8,110
P00533,DP00309r005,668,1210,543,0.0,0,8,110
P00533,DP00309r006,668,1210,543,0.0,0,8,110
P00533,DP00309r007,668,1210,543,0.0,0,8,110
P00533,DP00309r008,668,1210,543,0.0,0,8,110
P00533,DP00309r009,668,1210,543,0.0,0,8,110
P62495,DP00310r001,333,342,10,0.0,0,5,663
P62495,DP00310r002,358,370,13,0.0,0,5,663
P62495,DP00310r003,423,437,15,0.0,0,5,663
P62495,DP00310r004,414,437,24,0.0,0,5,663
P62495,DP00310r005,329,372,44,0.0,0,5,663
P24071,DP00311r001,217,229,13,0.0,0,1,873
Q9UJY5,DP00314r001,166,189,24,0.0,0,3,405
Q9UJY5,DP00314r003,144,170,27,0.0,0,3,405
Q9UJY5,DP00314r004,303,326,24,0.0,0,3,405
O43464,DP00315r003,344,358,15,0.0,0,4,601
O43464,DP00315r004,280,292,13,0.0,0,4,601
O43464,DP00315r006,344,357,14,0.0,0,4,601
O43464,DP00315r008,345,358,14,0.0,0,4,601
O15350,DP00319r002,549,564,16,0.0,0,1,408
P05121,DP00320r001,355,370,16,0.0,0,2,728
P05121,DP00320r003,361,370,10,0.0,0,2,728
Q9UM07,DP00321r002,55,65,11,0.0,0,5,385
Q9UM07,DP00321r004,158,171,14,0.0,0,5,385
Q9UM07,DP00321r007,338,348,11,0.0,0,5,385
Q9UM07,DP00321r008,371,387,17,0.0,0,5,385
Q9UM07,DP00321r011,633,644,12,0.0,0,5,385
P11309,DP00322r001,14,31,18,0.0,0,1,839
O75469,DP00323r001,130,141,12,0.0,0,2,665
O75469,DP00323r002,178,197,20,0.0,0,2,665
P09651,DP00324r002,92,102,11,1.0,1,3,770
P09651,DP00324r006,182,196,15,0.0,0,3,770
P09651,DP00324r019,342,357,16,0.0,0,3,770
O14832,DP00327r001,31,42,12,0.0,0,3,808
O14832,DP00327r003,223,233,11,0.0,0,3,808
O14832,DP00327r004,303,318,16,0.0,0,3,808
P21815,DP00332r001,1,317,317,0.0,0,2,831
P21815,DP00332r011,258,317,60,0.0,0,2,831
P27797,DP00333r006,367,417,51,0.0,0,7,698
P27797,DP00333r007,367,417,51,0.0,0,7,698
P27797,DP00333r008,18,417,400,0.0,0,7,698
P27797,DP00333r009,18,307,290,0.0,0,7,698
P27797,DP00333r010,308,417,110,0.0,0,7,698
P27797,DP00333r011,18,417,400,0.0,0,7,698
P27797,DP00333r012,18,417,400,0.0,0,7,698
Q00987,DP00334r001,1,24,24,0.0,0,5,585
Q00987,DP00334r005,210,304,95,0.0,0,5,585
Q00987,DP00334r007,215,300,86,0.0,0,5,585
Q00987,DP00334r008,335,437,103,0.0,0,5,585
P16442,DP00339r001,179,194,16,0.0,0,1,789
Q9Y6Q9,DP00343r001,1018,1088,71,0.5774647887323944,1,2,82
Q9Y6Q9,DP00343r006,1018,1045,28,0.03571428571428571,0,2,82
Q99967,DP00356r001,220,270,51,0.7450980392156863,1,4,897
Q99967,DP00356r005,258,270,13,0.0,0,4,897
Q99967,DP00356r009,220,270,51,0.7450980392156863,1,4,897
Q99967,DP00356r011,220,257,38,1.0,1,4,897
P62328,DP00357r001,1,44,44,1.0,1,4,596
P62328,DP00357r005,17,44,28,1.0,1,4,596
P62328,DP00357r008,1,44,44,1.0,1,4,596
P62328,DP00357r011,1,44,44,1.0,1,4,596
Q15185,DP00358r001,123,160,38,0.0,0,1,1064
Q16222,DP00363r001,454,470,17,0.0,0,2,531
Q15382,DP00364r005,171,181,11,1.0,1,1,1029
Q9NR00,DP00372r001,1,106,106,0.0,0,2,1134
Q9NR00,DP00372r002,1,106,106,0.0,0,2,1134
P08047,DP00378r001,342,488,147,0.0,0,9,290
P08047,DP00378r002,342,488,147,0.0,0,9,290
P08047,DP00378r005,342,488,147,0.0,0,9,290
P08047,DP00378r006,153,215,63,0.0,0,9,290
P08047,DP00378r007,153,215,63,0.0,0,9,290
P08047,DP00378r008,153,215,63,0.0,0,9,290
P08047,DP00378r010,349,495,147,0.0,0,9,290
P08047,DP00378r012,349,495,147,0.0,0,9,290
P08047,DP00378r013,349,495,147,0.0,0,9,290
P35869,DP00381r001,545,713,169,0.0,0,3,250
P35869,DP00381r005,545,713,169,0.0,0,3,250
P35869,DP00381r009,545,713,169,0.0,0,3,250
P49841,DP00385r003,1,34,34,0.0,0,3,688
P49841,DP00385r004,386,420,35,0.0,0,3,688
P49841,DP00385r005,285,300,16,1.0,1,3,688
Q09161,DP00392r001,1,26,26,0.0,0,3,286
Q09161,DP00392r005,671,684,14,0.0,0,3,286
Q09161,DP00392r006,527,537,11,0.0,0,3,286
P52298,DP00393r001,1,21,21,0.0,0,3,1067
P52298,DP00393r002,121,156,36,0.0,0,3,1067
P52298,DP00393r003,22,37,16,0.0,0,3,1067
O00204,DP00404r001,13,26,14,0.0,0,3,775
P78504,DP00418r001,1094,1218,125,0.0,0,4,119
P78504,DP00418r005,1094,1218,125,0.0,0,4,119
P78504,DP00418r009,1094,1218,125,0.0,0,4,119
P78504,DP00418r013,1094,1218,125,0.0,0,4,119
Q96T21,DP00420r001,1,600,600,0.0,0,2,246
Q96T21,DP00420r004,776,854,79,0.0,0,2,246
P53350,DP00428r007,495,506,12,1.0,1,2,439
P53350,DP00428r008,489,506,18,1.0,1,2,439
P43351,DP00437r001,1,23,23,0.0,0,1,696
Q14191,DP00443r013,1064,1092,29,0.0,0,1,79
P02511,DP00445r005,153,175,23,0.0,0,3,997
P02511,DP00445r006,166,175,10,0.0,0,3,997
P02511,DP00445r008,151,175,25,0.0,0,3,997
Q9Y613,DP00448r001,1104,1164,61,1.0,1,2,127
Q9Y613,DP00448r004,1104,1164,61,1.0,1,2,127
Q9Y3D6,DP00457r002,121,145,25,0.0,0,1,1070
P04156,DP00466r003,23,124,102,1.0,1,1,914
P25963,DP00468r001,1,66,66,0.0,0,2,832
P25963,DP00468r002,276,317,42,0.0,0,2,832
P50542,DP00472r001,1,324,324,0.037037037037037035,0,8,403
P50542,DP00472r004,1,324,324,0.037037037037037035,0,8,403
P50542,DP00472r007,1,324,324,0.037037037037037035,0,8,403
P50542,DP00472r010,1,324,324,0.037037037037037035,0,8,403
P50542,DP00472r014,1,110,110,0.10909090909090909,0,8,403
P50542,DP00472r022,1,100,100,0.12,0,8,403
P50542,DP00472r023,1,197,197,0.06091370558375635,0,8,403
P50542,DP00472r024,1,268,268,0.04477611940298507,0,8,403
Q49AN0,DP00473r001,490,593,104,1.0,1,3,452
Q49AN0,DP00473r004,490,593,104,1.0,1,3,452
Q49AN0,DP00473r007,490,593,104,1.0,1,3,452
Q9UBE0,DP00485r001,178,203,26,0.0,0,8,800
Q9UBE0,DP00485r013,1,24,24,0.0,0,8,800
Q9UBE0,DP00485r015,9,24,16,0.0,0,8,800
Q9UBE0,DP00485r016,181,204,24,0.0,0,8,800
Q9UBE0,DP00485r017,184,203,20,0.0,0,8,800
Q9UBE0,DP00485r018,270,294,25,0.0,0,8,800
Q9UBE0,DP00485r019,222,235,14,0.0,0,8,800
Q9UBE0,DP00485r020,176,208,33,0.0,0,8,800
Q9UBT2,DP00486r001,291,304,14,0.0,0,8,402
Q9UBT2,DP00486r002,551,640,90,0.36666666666666664,0,8,402
Q9UBT2,DP00486r003,219,237,19,0.0,0,8,402
Q9UBT2,DP00486r004,198,239,42,0.0,0,8,402
Q9UBT2,DP00486r005,218,234,17,0.0,0,8,402
Q9UBT2,DP00486r006,549,607,59,0.0,0,8,402
Q9UBT2,DP00486r008,198,217,20,0.0,0,8,402
Q9UBT2,DP00486r011,608,640,33,1.0,1,8,402
P10275,DP00492r001,142,485,344,1.0,1,14,203
P10275,DP00492r006,142,485,344,1.0,1,14,203
P10275,DP00492r018,142,485,344,1.0,1,14,203
P10275,DP00492r023,142,485,344,1.0,1,14,203
P10275,DP00492r024,142,485,344,1.0,1,14,203
P10275,DP00492r025,142,485,344,1.0,1,14,203
P10275,DP00492r026,142,448,307,1.0,1,14,203
P10275,DP00492r027,330,448,119,1.0,1,14,203
P10275,DP00492r029,142,485,344,1.0,1,14,203
P10275,DP00492r030,144,450,307,1.0,1,14,203
P10275,DP00492r037,1,537,537,0.6405959031657356,1,14,203
P10275,DP00492r038,1,537,537,0.6405959031657356,1,14,203
P10275,DP00492r039,1,537,537,0.6405959031657356,1,14,203
P10275,DP00492r040,1,537,537,0.6405959031657356,1,14,203
P04234,DP00505r002,127,171,45,0.0,0,3,1033
P04234,DP00505r006,130,171,42,0.0,0,3,1033
P04234,DP00505r007,1,21,21,0.0,0,3,1033
P07766,DP00506r001,1,11,11,0.0,0,4,992
P07766,DP00506r002,153,207,55,0.0,0,4,992
P07766,DP00506r006,1,32,32,0.0,0,4,992
P07766,DP00506r007,157,207,51,0.0,0,4,992
P09693,DP00508r005,139,182,44,0.0,0,3,1033
P09693,DP00508r006,1,23,23,0.0,0,3,1033
P09693,DP00508r007,139,182,44,0.0,0,3,1033
P30273,DP00509r001,40,60,21,0.0,0,1,1154
O60356,DP00510r001,1,82,82,0.0,0,6,1148
O60356,DP00510r005,1,82,82,0.0,0,6,1148
O60356,DP00510r009,1,82,82,0.0,0,6,1148
O60356,DP00510r010,1,82,82,0.0,0,6,1148
O60356,DP00510r011,1,82,82,0.0,0,6,1148
O60356,DP00510r012,1,82,82,0.0,0,6,1148
P52179,DP00517r001,836,931,96,0.0,0,2,54
P52179,DP00517r004,836,931,96,0.0,0,2,54
P25054,DP00519r001,1362,1745,384,0.06510416666666667,0,7,11
P25054,DP00519r003,1362,1745,384,0.06510416666666667,0,7,11
P25054,DP00519r009,2781,2819,39,0.7692307692307693,1,7,11
P25054,DP00519r014,1202,1551,350,0.07142857142857142,0,7,11
P25054,DP00519r015,1202,1551,350,0.07142857142857142,0,7,11
P25054,DP00519r016,1202,1551,350,0.07142857142857142,0,7,11
P25054,DP00519r017,1202,1551,350,0.07142857142857142,0,7,11
Q969F2,DP00520r001,1,217,217,0.0,0,2,642
Q969F2,DP00520r005,1,217,217,0.0,0,2,642
O95997,DP00521r001,1,202,202,1.0,1,3,1002
O95997,DP00521r006,1,202,202,1.0,1,3,1002
O95997,DP00521r011,1,202,202,1.0,1,3,1002
O43236,DP00537r001,1,119,119,0.0,0,5,174
O43236,DP00537r002,1,119,119,0.0,0,5,174
O43236,DP00537r003,1,119,119,0.0,0,5,174
P51608,DP00539r001,1,75,75,0.0,0,8,590
P51608,DP00539r004,207,310,104,1.0,1,8,590
P51608,DP00539r007,165,210,46,1.0,1,8,590
P51608,DP00539r009,335,486,152,0.0,0,8,590
P51608,DP00539r010,261,330,70,0.7142857142857143,1,8,590
P51608,DP00539r013,335,355,21,0.0,0,8,590
P51608,DP00539r014,165,210,46,1.0,1,8,590
P51608,DP00539r015,293,310,18,1.0,1,8,590
Q14061,DP00543r001,1,29,29,0.1724137931034483,0,9,1163
Q14061,DP00543r005,1,17,17,0.0,0,9,1163
Q14061,DP00543r014,1,63,63,0.6190476190476191,1,9,1163
Q14061,DP00543r016,25,60,36,1.0,1,9,1163
Q14061,DP00543r018,1,63,63,0.6190476190476191,1,9,1163
Q14061,DP00543r019,25,60,36,1.0,1,9,1163
Q14061,DP00543r021,1,63,63,0.6190476190476191,1,9,1163
Q14061,DP00543r022,25,63,39,1.0,1,9,1163
Q14061,DP00543r024,1,63,63,0.6190476190476191,1,9,1163
Q9NX55,DP00546r001,1,121,121,0.0,0,3,1113
Q9NX55,DP00546r005,1,121,121,0.0,0,3,1113
Q9NX55,DP00546r008,1,121,121,0.0,0,3,1113
O00488,DP00549r001,1,35,35,0.0,0,3,1092
O00488,DP00549r002,36,77,42,0.0,0,3,1092
O00488,DP00549r005,78,116,39,0.0,0,3,1092
P16860,DP00551r001,1,77,77,0.0,0,3,1095
P16860,DP00551r002,1,77,77,0.0,0,3,1095
P16860,DP00551r003,1,77,77,0.0,0,3,1095
Q9NZ94,DP00553r001,731,848,118,0.0,0,10,251
Q9NZ94,DP00553r004,731,848,118,0.0,0,10,251
Q9NZ94,DP00553r007,731,848,118,0.0,0,10,251
Q9NZ94,DP00553r010,731,848,118,0.0,0,10,251
Q9NZ94,DP00553r013,731,848,118,0.0,0,10,251
Q9NZ94,DP00553r016,731,848,118,0.0,0,10,251
Q9NZ94,DP00553r019,731,848,118,0.0,0,10,251
Q9NZ94,DP00553r022,731,848,118,0.0,0,10,251
Q9NZ94,DP00553r023,731,848,118,0.0,0,10,251
Q9NZ94,DP00553r024,731,848,118,0.0,0,10,251
Q9C000,DP00554r001,31,50,20,0.0,0,1,75
Q16143,DP00555r001,1,134,134,0.0,0,1,1086
P49354,DP00558r001,368,379,12,0.0,0,2,759
P49354,DP00558r002,1,54,54,0.0,0,2,759
Q9Y296,DP00562r002,11,25,15,0.0,0,1,969
P63098,DP00565r001,1,14,14,0.0,0,2,1051
P63098,DP00565r003,158,169,12,0.0,0,2,1051
P09132,DP00570r001,1,144,144,0.0,0,1,1080
P54252,DP00576r004,174,361,188,0.0,0,7,783
P54252,DP00576r005,174,361,188,0.0,0,7,783
P54252,DP00576r006,182,291,110,0.0,0,7,783
P54252,DP00576r007,182,291,110,0.0,0,7,783
P54252,DP00576r008,194,361,168,0.0,0,7,783
P54252,DP00576r010,224,348,125,0.0,0,7,783
P54252,DP00576r011,262,361,100,0.0,0,7,783
P11233,DP00581r006,187,203,17,0.0,0,2,995
P11233,DP00581r011,1,10,10,0.0,0,2,995
P48539,DP00592r001,1,62,62,0.0,0,2,1165
P48539,DP00592r003,1,62,62,0.0,0,2,1165
Q16595,DP00607r007,81,92,12,0.0,0,2,986
Q16595,DP00607r010,61,74,14,0.0,0,2,986
Q13573,DP00608r001,59,129,71,1.0,1,4,515
Q13573,DP00608r005,59,129,71,1.0,1,4,515
Q13573,DP00608r009,59,129,71,1.0,1,4,515
Q13573,DP00608r013,59,129,71,1.0,1,4,515
P30291,DP00611r004,436,455,20,0.0,0,1,398
P02788,DP00616r001,38,59,22,0.0,0,3,345
P02788,DP00616r003,38,59,22,0.0,0,3,345
P02788,DP00616r005,38,59,22,0.0,0,3,345
P60896,DP00617r003,26,36,11,0.0,0,2,1161
P60896,DP00617r004,1,51,51,0.0,0,2,1161
P00736,DP00621r001,193,305,113,1.0,1,2,349
P00736,DP00621r004,193,305,113,1.0,1,2,349
P35638,DP00624r001,1,168,168,0.0,0,4,1052
P35638,DP00624r004,1,168,168,0.0,0,4,1052
P35638,DP00624r007,1,120,120,0.0,0,4,1052
P35638,DP00624r008,1,168,168,0.0,0,4,1052
P15309,DP00628r001,248,286,39,1.0,1,1,748
O76070,DP00630r001,1,127,127,0.0,0,2,1086
O76070,DP00630r004,1,127,127,0.0,0,2,1086
Q09472,DP00633r001,401,566,166,0.0,0,5,21
Q09472,DP00633r002,1,1045,1045,0.0,0,5,21
Q09472,DP00633r003,1665,2414,750,0.0,0,5,21
Q09472,DP00633r004,1520,1581,62,1.0,1,5,21
Q09472,DP00633r005,1520,1581,62,1.0,1,5,21
P51671,DP00641r001,1,31,31,0.0,0,1,1149
P00441,DP00652r001,69,78,10,1.0,1,4,928
P00441,DP00652r003,127,142,16,1.0,1,4,928
P00441,DP00652r005,127,142,16,1.0,1,4,928
P00441,DP00652r006,69,78,10,1.0,1,4,928
P32004,DP00666r001,1144,1257,114,0.0,0,4,109
P32004,DP00666r004,1144,1257,114,0.0,0,4,109
P32004,DP00666r007,1144,1257,114,0.0,0,4,109
P32004,DP00666r010,1144,1257,114,0.0,0,4,109
Q29983,DP00670r003,175,184,10,0.0,0,2,752
Q29983,DP00670r004,175,184,10,0.0,0,2,752
Q92886,DP00672r001,90,150,61,0.0,0,2,937
Q92886,DP00672r005,90,150,61,0.0,0,2,937
P11171,DP00678r001,800,864,65,0.0,0,2,237
P11171,DP00678r004,800,864,65,0.0,0,2,237
Q99801,DP00683r003,1,113,113,0.0,0,1,946
Q8N488,DP00694r001,1,228,228,1.0,1,3,955
Q8N488,DP00694r005,1,228,228,1.0,1,3,955
Q8N488,DP00694r009,145,179,35,1.0,1,3,955
Q9Y258,DP00696r002,84,94,11,0.0,0,1,1150
P46937,DP00702r001,101,171,71,0.0,0,2,562
P46937,DP00702r008,50,171,122,0.0,0,2,562
P24522,DP00704r001,1,16,16,0.0,0,4,1056
P24522,DP00704r002,1,16,16,0.0,0,4,1056
P24522,DP00704r003,105,118,14,0.0,0,4,1056
P24522,DP00704r006,105,118,14,0.0,0,4,1056
Q15517,DP00706r001,60,171,112,0.0,0,1,521
Q9UER7,DP00707r001,347,420,74,0.0,0,6,322
Q9UER7,DP00707r002,495,740,246,0.0,0,6,322
Q9UER7,DP00707r005,566,739,174,0.0,0,6,322
Q9UER7,DP00707r006,161,243,83,0.0,0,6,322
Q9UER7,DP00707r007,435,486,52,0.0,0,6,322
Q9UER7,DP00707r008,1,50,50,0.0,0,6,322
Q9Y3M2,DP00709r001,1,63,63,0.0,0,7,1108
Q9Y3M2,DP00709r006,1,63,63,0.0,0,7,1108
Q9Y3M2,DP00709r021,102,126,25,0.0,0,7,1108
Q9Y3M2,DP00709r024,102,126,25,0.0,0,7,1108
Q9Y3M2,DP00709r027,102,126,25,0.0,0,7,1108
Q9Y3M2,DP00709r030,1,63,63,0.0,0,7,1108
Q9Y3M2,DP00709r033,1,66,66,0.0,0,7,1108
Q9UGL1,DP00712r001,115,129,15,0.0,0,12,53
Q9UGL1,DP00712r005,188,199,12,0.0,0,12,53
Q9UGL1,DP00712r007,1,27,27,0.0,0,12,53
Q9UGL1,DP00712r008,198,311,114,0.0,0,12,53
Q9UGL1,DP00712r009,339,375,37,0.0,0,12,53
Q9UGL1,DP00712r010,430,453,24,0.0,0,12,53
Q9UGL1,DP00712r011,441,453,13,0.0,0,12,53
Q9UGL1,DP00712r012,469,481,13,0.0,0,12,53
Q9UGL1,DP00712r013,543,554,12,0.0,0,12,53
Q9UGL1,DP00712r015,1078,1125,48,0.0,0,12,53
Q9UGL1,DP00712r016,1271,1344,74,0.0,0,12,53
Q9UGL1,DP00712r017,1376,1450,75,0.0,0,12,53
P02545,DP00716r002,567,664,98,0.0,0,1,382
P37231,DP00718r001,9,111,103,0.0,0,16,560
P37231,DP00718r004,9,111,103,0.0,0,16,560
P37231,DP00718r007,9,111,103,0.0,0,16,560
P37231,DP00718r010,9,111,103,0.0,0,16,560
P37231,DP00718r013,112,174,63,1.0,1,16,560
P37231,DP00718r017,112,174,63,1.0,1,16,560
P37231,DP00718r021,175,211,37,0.0,0,16,560
P37231,DP00718r024,175,211,37,0.0,0,16,560
P37231,DP00718r027,238,278,41,0.0,0,16,560
P37231,DP00718r030,238,278,41,0.0,0,16,560
P37231,DP00718r033,279,298,20,1.0,1,16,560
P37231,DP00718r036,279,298,20,1.0,1,16,560
P37231,DP00718r039,443,452,10,0.0,0,16,560
P37231,DP00718r043,443,452,10,0.0,0,16,560
P37231,DP00718r047,453,477,25,0.0,0,16,560
P37231,DP00718r050,453,477,25,0.0,0,16,560
Q13569,DP00719r001,1,50,50,0.0,0,3,717
Q13569,DP00719r003,51,111,61,1.0,1,3,717
Q13569,DP00719r007,340,410,71,0.0,0,3,717
Q9UKV8,DP00736r001,1,22,22,0.0,0,6,245
Q9UKV8,DP00736r003,818,838,21,0.0,0,6,245
Q9UKV8,DP00736r005,820,837,18,0.0,0,6,245
Q9UKV8,DP00736r006,1,22,22,0.0,0,6,245
Q9UKV8,DP00736r007,1,21,21,0.0,0,6,245
Q9UKV8,DP00736r008,822,835,14,0.0,0,6,245
P01160,DP00747r001,56,123,68,0.0,0,4,1071
P01160,DP00747r004,56,123,68,0.0,0,4,1071
P01160,DP00747r008,56,123,68,0.0,0,4,1071
P01160,DP00747r011,56,123,68,0.0,0,4,1071
P46108,DP00748r003,192,223,32,0.0,0,3,850
P46108,DP00748r009,238,293,56,0.0,0,3,850
Q9BSY4,DP00757r001,94,109,16,0.0,0,1,1129
O00585,DP00765r002,94,134,41,0.0,0,1,1093
P15311,DP00775r001,130,150,21,0.0,0,5,460
P15311,DP00775r004,506,586,81,0.0,0,5,460
P15311,DP00775r007,298,515,218,0.0,0,5,460
P15311,DP00775r008,298,515,218,0.0,0,5,460
P15311,DP00775r009,298,515,218,0.0,0,5,460
P05387,DP00793r001,63,115,53,0.0,0,2,1120
P05387,DP00793r002,102,115,14,0.0,0,2,1120
P50616,DP00794r001,116,138,23,0.0,0,4,801
P50616,DP00794r002,147,285,139,0.0,0,4,801
P50616,DP00794r003,147,345,199,0.0,0,4,801
P50616,DP00794r004,117,345,229,0.0,0,4,801
P15382,DP00796r001,107,129,23,0.0,0,3,1101
P15382,DP00796r003,24,45,22,0.0,0,3,1101
P15382,DP00796r005,72,91,20,0.0,0,3,1101
O15273,DP00797r001,91,167,77,0.0,0,2,1054
O15273,DP00797r003,91,167,77,0.0,0,2,1054
P41236,DP00816r001,9,164,156,1.0,1,2,998
P41236,DP00816r005,9,164,156,1.0,1,2,998
Q16186,DP00839r001,1,21,21,0.0,0,4,721
Q16186,DP00839r002,132,252,121,0.0,0,4,721
Q16186,DP00839r004,386,407,22,0.0,0,4,721
Q16186,DP00839r005,253,285,33,0.0,0,4,721
O14733,DP00841r001,30,100,71,0.0,0,1,691
O60888,DP00846r001,45,60,16,0.0,0,2,1037
O60888,DP00846r002,170,179,10,0.0,0,2,1037
Q9BQ15,DP00864r001,28,37,10,0.0,0,4,984
Q9BQ15,DP00864r002,71,81,11,0.0,0,4,984
Q9BQ15,DP00864r004,110,211,102,0.0,0,4,984
Q9BQ15,DP00864r005,122,211,90,0.0,0,4,984
Q6P3W2,DP00865r001,1,10,10,0.0,0,2,1073
Q6P3W2,DP00865r002,77,92,16,0.0,0,2,1073
Q9H981,DP00873r001,401,507,107,0.0,0,1,416
P21246,DP00887r003,32,46,15,0.0,0,4,1053
P21246,DP00887r004,140,168,29,0.0,0,4,1053
P21246,DP00887r005,84,95,12,0.0,0,4,1053
P21246,DP00887r014,144,168,25,0.0,0,4,1053
P08240,DP00893r004,130,176,47,0.0,0,3,406
P08240,DP00893r007,131,176,46,0.0,0,3,406
P08240,DP00893r014,130,238,109,0.0,0,3,406
O75496,DP00901r001,70,91,22,0.0,0,1,987
P47813,DP00903r001,1,25,25,0.0,0,3,1081
P47813,DP00903r002,119,144,26,0.0,0,3,1081
P47813,DP00903r003,1,27,27,0.0,0,3,1081
Q9HB71,DP00907r001,48,80,33,1.0,1,1,956
P41567,DP00910r001,1,28,28,0.0,0,1,1123
Q8N4Q1,DP00912r001,107,142,36,0.0,0,1,1084
P21583,DP00917r001,92,103,12,0.0,0,2,890
P21583,DP00917r003,127,141,15,0.0,0,2,890
Q9BQB4,DP00926r001,25,79,55,0.0,0,3,979
Q9BQB4,DP00926r002,169,213,45,0.0,0,3,979
Q9BQB4,DP00926r003,110,133,24,0.0,0,3,979
P80723,DP00930r001,1,227,227,0.0,0,4,957
P80723,DP00930r007,1,67,67,0.0,0,4,957
P80723,DP00930r009,1,60,60,0.0,0,4,957
P80723,DP00930r010,1,227,227,0.0,0,4,957
P61925,DP00934r009,14,33,20,0.0,0,2,1159
P61925,DP00934r010,44,76,33,0.0,0,2,1159
Q12972,DP00937r001,144,225,82,0.0,0,2,794
Q12972,DP00937r004,185,198,14,0.0,0,2,794
Q93009,DP00941r003,54,64,11,0.0,0,5,141
Q93009,DP00941r004,174,187,14,1.0,1,5,141
Q93009,DP00941r005,105,114,10,0.0,0,5,141
Q93009,DP00941r007,500,509,10,0.0,0,5,141
Q93009,DP00941r008,1084,1102,19,0.0,0,5,141
Q9HAU5,DP00949r001,1105,1129,25,1.0,1,10,105
Q9HAU5,DP00949r005,1167,1207,41,1.0,1,10,105
Q9HAU5,DP00949r009,1130,1166,37,0.0,0,10,105
Q9HAU5,DP00949r012,430,486,57,0.0,0,10,105
Q9HAU5,DP00949r013,481,536,56,0.0,0,10,105
Q9HAU5,DP00949r014,1025,1078,54,0.0,0,10,105
Q9HAU5,DP00949r015,757,767,11,0.0,0,10,105
Q9HAU5,DP00949r018,1207,1227,21,0.047619047619047616,0,10,105
Q9HAU5,DP00949r022,1015,1054,40,0.0,0,10,105
Q9HAU5,DP00949r023,1105,1207,103,0.39805825242718446,0,10,105
P17677,DP00951r001,1,238,238,0.0,0,4,935
P17677,DP00951r002,1,238,238,0.0,0,4,935
P17677,DP00951r003,1,238,238,0.0,0,4,935
P17677,DP00951r004,1,238,238,0.0,0,4,935
Q9H832,DP00953r001,1,99,99,0.0,0,2,790
Q9H832,DP00953r003,327,354,28,0.0,0,2,790
O15169,DP00959r001,295,500,206,0.0,0,4,239
O15169,DP00959r003,295,500,206,0.0,0,4,239
O15169,DP00959r005,295,500,206,0.0,0,4,239
O15169,DP00959r007,295,500,206,0.0,0,4,239
P52630,DP00961r001,786,816,31,1.0,1,2,249
P52630,DP00961r004,817,838,22,0.0,0,2,249
P42224,DP00962r001,710,719,10,0.0,0,2,249
P42224,DP00962r002,720,750,31,1.0,1,2,249
Q02548,DP00969r001,1,30,30,0.4,0,3,643
Q02548,DP00969r009,76,92,17,1.0,1,3,643
Q02548,DP00969r014,1,18,18,0.0,0,3,643
P46108,DP00973r003,121,133,13,0.0,0,3,850
Q01101,DP01023r001,1,20,20,1.0,1,1,552
P27708,DP01024r009,1822,1846,25,0.0,0,1,27
Q76LA1,DP01054r001,1,67,67,0.0,0,1,1147
Q9Y6C2,DP01063r004,948,966,19,0.0,0,2,172
Q9Y6C2,DP01063r008,948,966,19,0.0,0,2,172
Q9NQI0,DP01065r004,1,236,236,0.0,0,2,338
Q9NQI0,DP01066r001,1,204,204,0.0,0,2,338
Q9UBB5,DP01068r001,238,356,119,0.0,0,1,714
P42568,DP01070r001,490,568,79,1.0,1,3,482
P42568,DP01070r008,490,568,79,1.0,1,3,482
P42568,DP01070r012,490,568,79,1.0,1,3,482
P61244,DP01097r013,84,151,68,0.0,0,4,1063
Q16222,DP01098r001,54,68,15,0.0,0,2,531
O00204,DP01099r001,1,10,10,0.0,0,3,775
O00204,DP01099r002,339,350,12,0.0,0,3,775
P10636,DP01100r001,1,441,441,0.0,0,8,306
P10636,DP01100r027,1,441,441,0.0,0,8,306
P10636,DP01100r035,1,441,441,0.0,0,8,306
P10636,DP01100r036,1,441,441,0.0,0,8,306
P10636,DP01100r037,1,441,441,0.0,0,8,306
P10636,DP01100r041,1,441,441,0.0,0,8,306
P10636,DP01100r042,1,441,441,0.0,0,8,306
P35637,DP01102r004,1,507,507,0.16962524654832348,0,4,454
P35637,DP01102r014,1,163,163,0.0,0,4,454
P35637,DP01102r028,2,36,35,0.0,0,4,454
P35637,DP01102r029,98,214,117,0.0,0,4,454
Q13698,DP01103r001,665,785,121,0.0,0,3,41
Q13698,DP01103r004,665,785,121,0.0,0,3,41
Q13698,DP01103r007,666,791,126,0.0,0,3,41
P46531,DP01104r001,1758,1888,131,0.0,0,1,17
P16471,DP01106r001,236,598,363,0.0,0,4,420
P16471,DP01106r005,236,598,363,0.0,0,4,420
P16471,DP01106r009,236,598,363,0.0,0,4,420
P16471,DP01106r013,236,396,161,0.0,0,4,420
Q13148,DP01108r001,266,414,149,1.0,1,4,708
Q13148,DP01108r005,267,414,148,1.0,1,4,708
Q13148,DP01108r013,263,414,152,1.0,1,4,708
Q13148,DP01108r014,263,414,152,1.0,1,4,708
P22626,DP01109r001,190,341,152,0.0,0,1,770
Q9UHD9,DP01110r003,450,576,127,0.0,0,1,417
Q13501,DP01111r001,341,386,46,0.0,0,2,659
Q13501,DP01111r003,341,386,46,0.0,0,2,659
P27986,DP01112r001,91,104,14,0.0,0,2,336
P27986,DP01112r003,91,104,14,0.0,0,2,336
P16333,DP01114r003,59,108,50,0.0,0,1,762
Q16236,DP01115r003,1,605,605,0.0,0,4,438
Q16236,DP01115r004,1,605,605,0.0,0,4,438
Q16236,DP01115r005,1,605,605,0.0,0,4,438
Q16236,DP01115r006,1,605,605,0.0,0,4,438
Q03164,DP01116r001,140,160,21,0.0,0,1,3
O60566,DP01117r001,20,42,23,0.0,0,1,156
Q12834,DP01118r001,81,164,84,0.0,0,2,572
Q12834,DP01118r002,477,499,23,0.0,0,2,572
P35222,DP01119r001,19,44,26,1.0,1,4,292
P35222,DP01119r002,692,781,90,0.1111111111111111,0,4,292
P35222,DP01119r003,687,781,95,0.10526315789473684,0,4,292
P35222,DP01119r004,1,137,137,0.1897810218978102,0,4,292
P24864,DP01120r001,360,373,14,0.0,0,1,715
P43403,DP01123r001,258,302,45,0.0,0,2,424
P43403,DP01123r002,484,500,17,0.0,0,2,424
Q9Y261,DP01124r001,240,258,19,0.0,0,1,633
O43806,DP01128r001,25,93,69,1.0,1,6,1013
O43806,DP01128r004,22,97,76,0.9078947368421053,1,6,1013
O43806,DP01128r005,22,97,76,0.9078947368421053,1,6,1013
O43806,DP01128r006,1,158,158,0.43670886075949367,0,6,1013
O43806,DP01128r007,22,97,76,0.9078947368421053,1,6,1013
O43806,DP01128r008,22,97,76,0.9078947368421053,1,6,1013
P49757,DP01130r001,68,78,11,0.0,0,1,395
O14558,DP01131r001,1,56,56,0.21428571428571427,0,4,1045
O14558,DP01131r003,1,56,56,0.21428571428571427,0,4,1045
O14558,DP01131r004,39,69,31,0.0,0,4,1045
O14558,DP01131r006,27,38,12,1.0,1,4,1045
Q12778,DP01132r001,242,266,25,0.0,0,2,391
Q12778,DP01132r003,246,262,17,0.0,0,2,391
Q00987,DP01133r001,216,302,87,0.0,0,5,585
P10071,DP01134r001,106,236,131,0.0,0,1,60
Q6FI81,DP01137r001,173,266,94,0.0,0,1,841
Q14457,DP01149r001,1,150,150,0.23333333333333334,0,15,644
Q14457,DP01149r002,1,150,150,0.23333333333333334,0,15,644
Q14457,DP01149r005,1,150,150,0.23333333333333334,0,15,644
Q14457,DP01149r006,1,150,150,0.23333333333333334,0,15,644
Q14457,DP01149r007,1,150,150,0.23333333333333334,0,15,644
Q14457,DP01149r008,1,150,150,0.23333333333333334,0,15,644
Q14457,DP01149r009,1,150,150,0.23333333333333334,0,15,644
Q14457,DP01149r012,105,130,26,1.0,1,15,644
Q14457,DP01149r014,105,130,26,1.0,1,15,644
Q14457,DP01149r015,105,130,26,1.0,1,15,644
Q14457,DP01149r017,105,130,26,1.0,1,15,644
Q14457,DP01149r019,141,156,16,0.0,0,15,644
Q14457,DP01149r032,76,105,30,0.26666666666666666,0,15,644
Q14457,DP01149r033,50,78,29,0.0,0,15,644
Q14457,DP01149r034,105,130,26,1.0,1,15,644
P07305,DP01156r001,98,194,97,0.0,0,4,1021
P07305,DP01156r003,1,22,22,0.0,0,4,1021
P07305,DP01156r005,98,194,97,0.0,0,4,1021
P07305,DP01156r007,1,22,22,0.0,0,4,1021
P04908,DP01157r001,1,27,27,0.0,0,2,1099
P04908,DP01157r004,98,130,33,0.0,0,2,1099
P06899,DP01158r001,1,38,38,0.0,0,1,1106
A6NF83,DP01159r001,1,97,97,0.0,0,3,1148
A6NF83,DP01159r003,1,97,97,0.0,0,3,1148
A6NF83,DP01159r005,1,97,97,0.0,0,3,1148
Q9UMS4,DP01161r001,169,194,26,0.0,0,1,563
O14974,DP01163r001,1,40,40,0.0,0,1,168
Q13625,DP01164r001,331,692,362,0.0,0,5,137
Q13625,DP01164r002,331,692,362,0.0,0,5,137
Q13625,DP01164r004,331,692,362,0.0,0,5,137
Q13625,DP01164r006,693,918,226,0.0,0,5,137
Q13625,DP01164r007,693,918,226,0.0,0,5,137
Q9HAN9,DP01165r001,109,146,38,0.0,0,1,884
P02730,DP01167r001,1,54,54,0.0,0,1,209
O00268,DP01170r001,408,838,431,0.0,0,3,146
O00268,DP01170r002,408,838,431,0.0,0,3,146
O00268,DP01170r003,408,838,431,0.0,0,3,146
P42768,DP01171r001,201,268,68,1.0,1,2,565
P42768,DP01171r005,201,268,68,1.0,1,2,565
O43516,DP01172r001,2,101,100,1.0,1,5,564
O43516,DP01172r004,2,65,64,1.0,1,5,564
O43516,DP01172r005,2,101,100,1.0,1,5,564
O43516,DP01172r006,407,503,97,1.0,1,5,564
O43516,DP01172r007,407,503,97,1.0,1,5,564
Q15726,DP01173r001,20,138,119,0.0,0,5,1088
Q15726,DP01173r002,20,138,119,0.0,0,5,1088
Q15726,DP01173r007,20,138,119,0.0,0,5,1088
Q15726,DP01173r008,20,138,119,0.0,0,5,1088
Q15726,DP01173r009,20,138,119,0.0,0,5,1088
O43474,DP01174r001,1,130,130,0.0,0,1,546
Q14978,DP01178r001,1,699,699,0.0,0,5,352
Q14978,DP01178r002,1,699,699,0.0,0,5,352
Q14978,DP01178r004,1,699,699,0.0,0,5,352
Q14978,DP01178r005,1,699,699,0.0,0,5,352
Q14978,DP01178r007,1,699,699,0.0,0,5,352
O96013,DP01184r001,9,68,60,0.0,0,2,455
O96013,DP01184r003,9,68,60,0.0,0,2,455
P55036,DP01192r001,246,256,11,0.0,0,3,763
P55036,DP01192r005,305,377,73,1.0,1,3,763
P55036,DP01192r011,305,377,73,1.0,1,3,763
Q9H211,DP01193r008,92,159,68,0.0,0,2,504
Q9H211,DP01193r009,356,410,55,0.0,0,2,504
O75807,DP01203r001,513,631,119,0.0,0,3,374
O75807,DP01203r003,513,631,119,0.0,0,3,374
O75807,DP01203r004,1,674,674,0.0,0,3,374
Q15797,DP01206r001,217,267,51,0.0,0,1,618
O43312,DP01224r001,739,753,15,0.0,0,1,308
Q9UMZ1,DP01228r001,1,101,101,0.0,0,6,1125
Q9UMZ1,DP01228r003,1,101,101,0.0,0,6,1125
Q9UMZ1,DP01228r005,1,101,101,0.0,0,6,1125
Q9UMZ1,DP01228r007,1,101,101,0.0,0,6,1125
Q9UMZ1,DP01228r009,1,101,101,0.0,0,6,1125
Q9UMZ1,DP01228r011,1,101,101,0.0,0,6,1125
P55735,DP01236r001,305,316,12,0.0,0,2,825
P55735,DP01236r002,1,14,14,0.0,0,2,825
P20591,DP01239r001,438,447,10,0.0,0,2,341
P20591,DP01239r002,532,572,41,0.0,0,2,341
Q9UJX2,DP01240r001,1,25,25,0.0,0,2,448
Q9UJX2,DP01240r002,558,597,40,0.0,0,2,448
P19634,DP01241r001,680,815,136,0.07352941176470588,0,6,274
P19634,DP01241r002,686,815,130,0.07692307692307693,0,6,274
P19634,DP01241r003,686,815,130,0.07692307692307693,0,6,274
P19634,DP01241r004,786,795,10,1.0,1,6,274
P19634,DP01241r007,686,815,130,0.07692307692307693,0,6,274
P19634,DP01241r008,786,795,10,1.0,1,6,274
O76074,DP01244r001,128,145,18,0.0,0,3,231
O76074,DP01244r002,395,406,12,0.0,0,3,231
O76074,DP01244r003,840,850,11,0.0,0,3,231
O95292,DP01248r001,1,125,125,0.0,0,5,926
O95292,DP01248r003,125,150,26,0.0,0,5,926
O95292,DP01248r005,1,125,125,0.0,0,5,926
O95292,DP01248r007,1,125,125,0.0,0,5,926
O95292,DP01248r008,1,125,125,0.0,0,5,926
P61073,DP01249r001,1,26,26,0.0,0,6,792
P61073,DP01249r003,1,24,24,0.0,0,6,792
P61073,DP01249r004,304,319,16,0.0,0,6,792
P61073,DP01249r005,1,27,27,0.0,0,6,792
P61073,DP01249r006,1,34,34,0.0,0,6,792
P61073,DP01249r007,313,325,13,0.0,0,6,792
P01137,DP01252r001,240,261,22,0.0,0,1,742
P05386,DP01253r001,63,114,52,0.0,0,1,1120
P12956,DP01254r001,533,609,77,0.0,0,1,432
P13010,DP01255r001,546,565,20,0.0,0,1,332
P41208,DP01259r001,1,22,22,0.0,0,1,1048
P49848,DP01262r001,1,216,216,0.0,0,2,371
P49848,DP01262r003,437,677,241,0.0,0,2,371
Q9H816,DP01268r001,314,335,22,0.0,0,1,519
Q8NG31,DP01269r001,176,200,25,0.0,0,3,24
Q8NG31,DP01269r002,217,226,10,0.0,0,3,24
Q8NG31,DP01269r003,234,252,19,0.7894736842105263,1,3,24
Q15691,DP01271r001,256,268,13,0.0,0,2,898
Q15691,DP01271r002,252,268,17,0.0,0,2,898
Q6VMQ6,DP01277r001,938,964,27,0.0,0,1,107
Q68DK7,DP01278r001,558,568,11,0.0,0,1,429
Q8N5Y2,DP01279r001,226,246,21,0.0,0,2,537
Q8N5Y2,DP01279r002,508,518,11,0.0,0,2,537
P05067,DP01280r001,672,711,40,1.0,1,4,297
P05067,DP01280r004,672,686,15,1.0,1,4,297
P05067,DP01280r005,672,711,40,1.0,1,4,297
P05067,DP01280r009,672,711,40,1.0,1,4,297
Q16576,DP01282r001,90,110,21,0.0,0,2,683
Q16576,DP01282r002,409,425,17,0.0,0,2,683
Q9Y3E7,DP01283r001,184,199,16,0.0,0,1,963
P24928,DP01284r001,1773,1970,198,0.0,0,1,32
O43313,DP01288r001,362,823,462,0.0,0,1,266
P49768,DP01292r001,1,77,77,0.0,0,2,617
P49768,DP01292r002,262,378,117,0.0,0,2,617
Q13542,DP01293r001,1,120,120,0.375,0,2,1114
Q13542,DP01293r007,18,62,45,1.0,1,2,1114
O14519,DP01303r001,1,60,60,0.0,0,1,1119
Q03518,DP01306r001,1,112,112,0.0,0,1,315
O60828,DP01308r005,82,265,184,0.125,0,12,902
O60828,DP01308r006,1,265,265,0.08679245283018867,0,12,902
O60828,DP01308r007,1,265,265,0.08679245283018867,0,12,902
O60828,DP01308r008,1,265,265,0.08679245283018867,0,12,902
O60828,DP01308r009,1,265,265,0.08679245283018867,0,12,902
O60828,DP01308r010,1,265,265,0.08679245283018867,0,12,902
O60828,DP01308r014,220,265,46,0.5,1,12,902
O60828,DP01308r016,223,243,21,0.2857142857142857,0,12,902
O60828,DP01308r018,1,265,265,0.08679245283018867,0,12,902
O60828,DP01308r019,1,265,265,0.08679245283018867,0,12,902
O60828,DP01308r020,94,265,172,0.13372093023255813,0,12,902
O60828,DP01308r021,94,265,172,0.13372093023255813,0,12,902
P50750,DP01309r001,87,98,12,0.0,0,4,70
P50750,DP01309r002,328,372,45,0.24444444444444444,0,4,70
P50750,DP01309r006,259,273,15,0.0,0,4,70
P50750,DP01309r007,88,97,10,0.0,0,4,70
Q8WUP2,DP01310r001,5,19,15,0.0,0,2,769
Q8WUP2,DP01310r003,1,85,85,0.0,0,2,769
Q6NUK1,DP01311r001,50,78,29,1.0,1,5,605
Q6NUK1,DP01311r003,99,109,11,1.0,1,5,605
Q6NUK1,DP01311r005,159,170,12,1.0,1,5,605
Q6NUK1,DP01311r007,1,21,21,0.0,0,5,605
Q6NUK1,DP01311r008,177,193,17,0.0,0,5,605
Q9UMX1,DP01312r001,279,360,82,0.0,0,1,593
O60741,DP01317r001,1,93,93,0.0,0,1,223
Q15796,DP01319r001,241,264,24,0.0,0,5,618
Q15796,DP01319r004,457,467,11,1.0,1,5,618
Q15796,DP01319r008,18,33,16,0.0,0,5,618
Q15796,DP01319r009,18,33,16,0.0,0,5,618
Q15796,DP01319r010,18,33,16,0.0,0,5,618
Q9HCJ0,DP01324r003,1587,1608,22,0.7272727272727273,1,1,35
O43236,DP01325r001,248,274,27,0.0,0,5,174
O43236,DP01325r003,248,274,27,0.0,0,5,174
Q9Y4P1,DP01326r001,190,216,27,0.0,0,4,739
Q9Y4P1,DP01326r004,191,215,25,0.0,0,4,739
Q9Y4P1,DP01326r005,187,217,31,0.0,0,4,739
Q9Y4P1,DP01326r006,378,393,16,0.0,0,4,739
Q8IV16,DP01327r001,21,54,34,0.0,0,4,1030
Q8IV16,DP01327r002,21,54,34,0.0,0,4,1030
Q8IV16,DP01327r003,21,54,34,0.0,0,4,1030
Q8IV16,DP01327r004,21,54,34,0.0,0,4,1030
Q9C0C7,DP01328r001,527,541,15,0.0,0,1,102
P28324,DP01329r001,94,136,43,0.0,0,1,672
P17931,DP01332r001,20,100,81,0.0,0,3,918
P17931,DP01332r002,1,115,115,0.0,0,3,918
P17931,DP01332r008,1,112,112,0.0,0,3,918
O00522,DP01333r001,118,128,11,0.0,0,1,327
O94907,DP01335r001,250,260,11,0.0,0,1,901
Q96B02,DP01337r001,136,145,10,0.0,0,1,1072
P52564,DP01342r001,1,43,43,0.0,0,1,691
Q13469,DP01344r001,131,294,164,0.0,0,1,194
Q9UNL4,DP01347r001,119,188,70,0.0,0,1,920
P15927,DP01361r001,1,42,42,0.0,0,2,893
P15927,DP01361r002,175,270,96,0.0,0,2,893
P62826,DP01364r001,33,44,12,0.0,0,3,974
P62826,DP01364r002,123,144,22,0.0,0,3,974
P62826,DP01364r003,170,198,29,0.0,0,3,974
Q8WXE9,DP01368r001,301,340,40,0.0,0,2,213
Q8WXE9,DP01368r003,301,331,31,0.0,0,2,213
P01130,DP01396r001,163,175,13,0.0,0,2,243
P01130,DP01396r004,354,393,40,0.0,0,2,243
P45985,DP01400r003,1,86,86,0.13953488372093023,0,1,691
Q92913,DP01404r001,213,237,25,0.0,0,3,924
Q16543,DP01420r001,1,25,25,0.0,0,3,761
Q16543,DP01420r002,112,126,15,0.0,0,3,761
Q16543,DP01420r003,344,378,35,0.0,0,3,761
Q15004,DP01425r001,1,111,111,0.0,0,4,1126
Q15004,DP01425r002,1,111,111,0.0,0,4,1126
Q15004,DP01425r006,1,111,111,0.0,0,4,1126
Q15004,DP01425r007,1,111,111,0.0,0,4,1126
P06400,DP01426r001,84,93,10,0.0,0,12,200
P06400,DP01426r002,590,635,46,0.0,0,12,200
P06400,DP01426r004,500,513,14,0.0,0,12,200
P06400,DP01426r005,346,370,25,0.0,0,12,200
P06400,DP01426r007,346,370,25,0.0,0,12,200
P06400,DP01426r011,355,370,16,0.0,0,12,200
P06400,DP01426r012,245,269,25,0.0,0,12,200
P06400,DP01426r013,500,511,12,0.0,0,12,200
P06400,DP01426r014,577,615,39,0.0,0,12,200
P06400,DP01426r017,578,589,12,0.0,0,12,200
P06400,DP01426r018,786,928,143,0.3146853146853147,0,12,200
P06400,DP01426r019,786,928,143,0.3146853146853147,0,12,200
Q01094,DP01427r001,200,301,102,1.0,1,1,664
P31431,DP01434r001,171,198,28,0.0,0,7,1012
O60829,DP01435r001,1,102,102,0.30392156862745096,0,3,1100
O60829,DP01435r003,1,102,102,0.30392156862745096,0,3,1100
O60829,DP01435r005,1,102,102,0.30392156862745096,0,3,1100
O14936,DP01438r004,394,460,67,0.0,0,5,201
O14936,DP01438r007,304,337,34,0.0,0,5,201
O14936,DP01438r008,307,337,31,0.0,0,5,201
O14936,DP01438r009,317,345,29,0.0,0,5,201
O14936,DP01438r010,305,337,33,0.0,0,5,201
P14921,DP01441r001,276,318,43,0.0,0,1,656
Q9UJX4,DP01443r001,1,26,26,0.0,0,5,310
Q9UJX4,DP01443r002,1,24,24,0.0,0,5,310
Q9UJX4,DP01443r003,168,205,38,0.0,0,5,310
Q9UJX4,DP01443r004,170,205,36,0.0,0,5,310
Q9UJX4,DP01443r005,353,413,61,0.0,0,5,310
P30260,DP01445r001,171,450,280,0.0,0,4,264
P30260,DP01445r002,767,824,58,0.0,0,4,264
P30260,DP01445r003,180,447,268,0.0,0,4,264
P30260,DP01445r004,769,824,56,0.0,0,4,264
Q9Y239,DP01446r001,111,138,28,0.0,0,1,191
P30281,DP01447r001,255,292,38,0.0,0,2,865
P30281,DP01447r002,1,22,22,0.0,0,2,865
Q15637,DP01449r001,1,25,25,0.0,0,2,404
Q15637,DP01449r003,69,95,27,0.0,0,2,404
Q9UKT4,DP01450r001,1,318,318,0.0,0,7,647
Q9UKT4,DP01450r002,332,355,24,0.0,0,7,647
Q9UKT4,DP01450r003,437,447,11,0.0,0,7,647
Q9UKT4,DP01450r004,305,374,70,0.0,0,7,647
Q9UKT4,DP01450r005,421,447,27,0.0,0,7,647
Q9UKT4,DP01450r006,421,447,27,0.0,0,7,647
Q9UKT4,DP01450r007,305,374,70,0.0,0,7,647
Q9UBU9,DP01451r001,102,118,17,0.0,0,2,426
Q9UBU9,DP01451r002,96,117,22,0.0,0,2,426
Q13042,DP01452r001,96,126,31,0.0,0,6,423
Q13042,DP01452r002,96,123,28,0.0,0,6,423
Q13042,DP01452r003,528,620,93,0.0,0,6,423
Q13042,DP01452r004,94,126,33,0.0,0,6,423
Q13042,DP01452r005,528,620,93,0.0,0,6,423
Q13042,DP01452r006,534,620,87,0.0,0,6,423
Q8NHZ8,DP01453r001,26,85,60,0.0,0,1,1155
P60006,DP01454r001,57,121,65,0.0,0,1,1112
Q96DE5,DP01455r001,1,51,51,0.0,0,1,1128
Q01081,DP01456r001,38,152,115,1.0,1,1,930
Q92973,DP01457r001,319,371,53,0.0,0,1,220
Q9Y3B4,DP01458r001,100,125,26,0.0,0,2,1109
Q9Y3B4,DP01458r002,1,20,20,0.0,0,2,1109
Q13188,DP01461r001,314,427,114,0.0,0,1,586
Q9UHB7,DP01463r001,22,32,11,0.18181818181818182,0,4,128
Q9UHB7,DP01463r003,1,300,300,0.11333333333333333,0,4,128
Q9UHB7,DP01463r005,300,600,301,0.0,0,4,128
Q9UHB7,DP01463r007,600,900,301,0.0,0,4,128
Q8IW19,DP01465r001,399,420,22,0.0,0,2,550
Q8IW19,DP01465r003,450,511,62,0.0,0,2,550
Q96GU1,DP01473r001,20,130,111,0.0,0,1,1100
P06748,DP01474r005,189,259,71,0.0,0,3,866
P06748,DP01474r015,120,130,11,0.0,0,3,866
P06748,DP01474r016,119,243,125,0.0,0,3,866
Q02413,DP01476r001,774,1049,276,0.0,0,3,158
Q02413,DP01476r002,774,1049,276,0.0,0,3,158
Q02413,DP01476r003,774,1049,276,0.0,0,3,158
Q9UJX5,DP01478r001,304,317,14,0.0,0,7,276
Q9UJX5,DP01478r002,431,444,14,0.0,0,7,276
Q9UJX5,DP01478r003,458,472,15,0.0,0,7,276
Q9UJX5,DP01478r004,458,469,12,0.0,0,7,276
Q9UJX5,DP01478r005,758,808,51,0.0,0,7,276
Q9UJX5,DP01478r006,480,521,42,0.0,0,7,276
Q9UJX5,DP01478r007,758,808,51,0.0,0,7,276
Q9UJX3,DP01479r002,77,97,21,0.0,0,3,486
Q9UJX3,DP01479r003,77,96,20,0.0,0,3,486
Q9UJX3,DP01479r004,507,565,59,0.0,0,3,486
Q96FI4,DP01480r001,312,389,78,0.0,0,2,745
Q96FI4,DP01480r002,312,389,78,0.0,0,2,745
P04626,DP01484r001,988,1255,268,0.0,0,4,110
P04626,DP01484r002,988,1255,268,0.0,0,4,110
P04626,DP01484r003,988,1255,268,0.0,0,4,110
P04626,DP01484r004,988,1255,268,0.0,0,4,110
P11912,DP01486r001,166,226,61,0.0,0,1,958
P40259,DP01487r001,181,229,49,0.0,0,1,952
Q9UBK2,DP01489r001,2,220,219,1.0,1,5,282
Q9UBK2,DP01489r002,2,220,219,1.0,1,5,282
Q9UBK2,DP01489r004,2,220,219,1.0,1,5,282
Q9UBK2,DP01489r005,2,220,219,1.0,1,5,282
Q9UBK2,DP01489r008,2,220,219,1.0,1,5,282
Q9NR61,DP01490r001,553,685,133,0.0,0,3,339
Q9NR61,DP01490r002,553,685,133,0.0,0,3,339
Q9NR61,DP01490r004,553,685,133,0.0,0,3,339
P22059,DP01491r001,346,379,34,1.0,1,1,207
P09429,DP01493r003,188,214,27,0.0,0,2,976
P09429,DP01493r009,166,214,49,0.0,0,2,976
P08263,DP01506r001,208,222,15,1.0,1,1,962
Q9UQC2,DP01507r001,504,524,21,0.0,0,1,373
Q15418,DP01508r001,683,735,53,0.0,0,5,329
Q15418,DP01508r003,683,735,53,0.0,0,5,329
Q15418,DP01508r009,696,735,40,0.0,0,5,329
Q15418,DP01508r010,709,735,27,0.0,0,5,329
Q15418,DP01508r012,577,588,12,0.0,0,5,329
Q06710,DP01517r001,64,86,23,0.0,0,3,643
Q06710,DP01517r003,135,146,12,0.0,0,3,643
Q06710,DP01517r004,1,28,28,0.0,0,3,643
Q02297,DP01520r001,1,75,75,0.0,0,5,401
Q02297,DP01520r002,1,75,75,0.0,0,5,401
Q02297,DP01520r003,1,75,75,0.0,0,5,401
Q9UM11,DP01524r001,1,41,41,0.0,0,4,575
Q9UM11,DP01524r002,68,87,20,0.0,0,4,575
Q9UM11,DP01524r003,109,124,16,0.0,0,4,575
Q9UM11,DP01524r004,133,145,13,0.0,0,4,575
Q9UJX6,DP01526r001,1,14,14,0.0,0,6,269
Q9UJX6,DP01526r002,30,52,23,0.0,0,6,269
Q9UJX6,DP01526r003,221,231,11,0.0,0,6,269
Q9UJX6,DP01526r004,459,475,17,0.0,0,6,269
Q9UJX6,DP01526r005,305,319,15,0.0,0,6,269
Q9UJX6,DP01526r006,731,822,92,0.0,0,6,269
O75554,DP01531r001,276,376,101,0.0,0,1,764
Q9NS23,DP01533r001,1,50,50,0.0,0,2,802
Q9NS23,DP01533r003,61,72,12,1.0,1,2,802
Q07889,DP01534r001,1141,1300,160,0.0,0,4,97
Q07889,DP01534r002,1141,1300,160,0.0,0,4,97
Q07889,DP01534r003,1141,1300,160,0.0,0,4,97
Q07889,DP01534r006,1117,1319,203,0.0,0,4,97
O00429,DP01537r001,505,515,11,0.0,0,3,326
O00429,DP01537r007,74,83,10,0.0,0,3,326
O00429,DP01537r008,503,610,108,0.0,0,3,326
P06401,DP01542r001,1,545,545,0.6990825688073394,1,10,197
P06401,DP01542r002,1,566,566,0.6731448763250883,1,10,197
P06401,DP01542r007,165,545,381,1.0,1,10,197
P06401,DP01542r010,165,545,381,1.0,1,10,197
P06401,DP01542r011,165,545,381,1.0,1,10,197
P06401,DP01542r013,165,535,371,1.0,1,10,197
P06401,DP01542r017,1,545,545,0.6990825688073394,1,10,197
P06401,DP01542r018,1,545,545,0.6990825688073394,1,10,197
P06401,DP01542r019,165,559,395,0.9645569620253165,1,10,197
P06401,DP01542r020,632,682,51,0.0,0,10,197
Q8WV28,DP01544r001,5,50,46,0.0,0,2,634
Q8WV28,DP01544r003,1,330,330,0.0,0,2,634
P29274,DP01547r001,293,412,120,0.0,0,6,711
P29274,DP01547r003,293,412,120,0.0,0,6,711
P29274,DP01547r004,293,412,120,0.0,0,6,711
P29274,DP01547r005,293,412,120,0.0,0,6,711
P29274,DP01547r006,293,412,120,0.0,0,6,711
P29274,DP01547r007,293,412,120,0.0,0,6,711
Q8WYP5,DP01549r001,1018,2266,1249,0.0,0,1,26
Q99523,DP01551r001,97,108,12,0.0,0,1,260
P33763,DP01552r001,38,52,15,0.0,0,1,1144
P23443,DP01554r001,422,525,104,0.0,0,8,526
P23443,DP01554r004,422,525,104,0.0,0,8,526
P23443,DP01554r005,422,525,104,0.0,0,8,526
P23443,DP01554r006,75,84,10,0.0,0,8,526
P23443,DP01554r007,130,140,11,0.0,0,8,526
P23443,DP01554r008,243,254,12,0.0,0,8,526
P23443,DP01554r009,379,399,21,0.0,0,8,526
P23443,DP01554r017,373,399,27,0.0,0,8,526
Q96GC6,DP01556r001,4,77,74,0.0,0,3,394
Q96GC6,DP01556r003,4,77,74,0.0,0,3,394
Q96GC6,DP01556r004,4,246,243,0.0,0,3,394
Q9UMR2,DP01560r001,55,91,37,1.0,1,1,602
P08235,DP01561r002,1,169,169,0.0,0,6,178
P08235,DP01561r003,1,169,169,0.0,0,6,178
P08235,DP01561r004,247,385,139,0.0,0,6,178
P08235,DP01561r005,247,385,139,0.0,0,6,178
P08235,DP01561r006,1,602,602,0.0,0,6,178
P08235,DP01561r007,1,602,602,0.0,0,6,178
Q12905,DP01564r001,362,390,29,0.0,0,1,744
P12931,DP01570r001,1,84,84,0.0,0,1,514
P06239,DP01580r001,69,86,18,0.0,0,2,514
P06239,DP01580r003,97,114,18,0.0,0,2,514
P52799,DP01588r001,253,300,48,0.0,0,4,814
P52799,DP01588r002,323,333,11,0.0,0,4,814
P52799,DP01588r003,301,322,22,0.0,0,4,814
P52799,DP01588r005,301,322,22,0.0,0,4,814
Q92945,DP01590r001,130,218,89,1.0,1,2,344
Q92945,DP01590r003,130,218,89,1.0,1,2,344
P52945,DP01597r001,204,283,80,0.0,0,1,878
Q9BRG1,DP01598r001,133,145,13,0.0,0,1,1040
P26599,DP01601r001,409,425,17,0.0,0,3,493
P26599,DP01601r003,431,454,24,0.0,0,3,493
P26599,DP01601r007,143,184,42,0.0,0,3,493
Q86WV6,DP01602r001,342,379,38,0.0,0,3,760
Q86WV6,DP01602r005,344,379,36,0.0,0,3,760
Q86WV6,DP01602r006,344,379,36,0.0,0,3,760
Q96IZ0,DP01603r001,59,77,19,0.0,0,3,807
Q96IZ0,DP01603r002,62,81,20,0.0,0,3,807
Q96IZ0,DP01603r004,62,77,16,0.0,0,3,807
Q9Y6H6,DP01608r001,1,10,10,0.0,0,2,1139
Q9Y6H6,DP01608r002,31,56,26,0.0,0,2,1139
Q96AC1,DP01613r001,328,367,40,0.0,0,3,369
Q96AC1,DP01613r006,1,15,15,0.0,0,3,369
Q96AC1,DP01613r007,95,105,11,0.0,0,3,369
Q14653,DP01614r001,173,188,16,0.0,0,1,678
Q9NR28,DP01619r001,56,69,14,0.0,0,4,934
Q9NR28,DP01619r002,56,67,12,0.0,0,4,934
Q9NR28,DP01619r003,56,70,15,0.0,0,4,934
Q9NR28,DP01619r005,56,65,10,0.0,0,4,934
P20823,DP01620r001,181,200,20,0.0,0,1,412
Q06609,DP01622r001,1,15,15,0.0,0,3,806
Q06609,DP01622r002,86,114,29,0.0,0,3,806
Q06609,DP01622r005,1,21,21,0.0,0,3,806
Q01831,DP01626r001,815,940,126,0.1349206349206349,0,5,196
Q01831,DP01626r002,815,940,126,0.1349206349206349,0,5,196
Q01831,DP01626r003,815,940,126,0.1349206349206349,0,5,196
Q01831,DP01626r005,815,940,126,0.1349206349206349,0,5,196
Q01831,DP01626r006,847,863,17,1.0,1,5,196
P29083,DP01633r001,378,393,16,1.0,1,1,660
Q8NI22,DP01637r001,27,66,40,0.35,0,8,1078
Q8NI22,DP01637r002,27,146,120,0.7833333333333333,1,8,1078
Q8NI22,DP01637r003,27,146,120,0.7833333333333333,1,8,1078
Q8NI22,DP01637r004,27,52,26,0.0,0,8,1078
Q8NI22,DP01637r005,53,146,94,1.0,1,8,1078
Q8NI22,DP01637r007,66,101,36,1.0,1,8,1078
Q8NI22,DP01637r008,113,146,34,1.0,1,8,1078
Q8NI22,DP01637r011,102,112,11,1.0,1,8,1078
Q13351,DP01640r001,51,90,40,0.0,0,4,781
Q13351,DP01640r003,1,40,40,0.35,0,4,781
Q13351,DP01640r004,1,90,90,0.15555555555555556,0,4,781
Q13351,DP01640r006,23,36,14,1.0,1,4,781
Q07955,DP01641r001,196,215,20,1.0,1,3,921
Q07955,DP01641r002,107,120,14,0.0,0,3,921
Q07955,DP01641r003,196,248,53,1.0,1,3,921
O75506,DP01643r001,1,10,10,0.0,0,3,1158
O75506,DP01643r002,60,76,17,0.0,0,3,1158
O75506,DP01643r004,60,76,17,0.0,0,3,1158
P09038,DP01644r002,143,160,18,0.0,0,1,872
P35236,DP01646r001,37,52,16,1.0,1,1,785
P51449,DP01647r001,479,518,40,0.0,0,2,542
P51449,DP01647r003,500,518,19,0.0,0,2,542
P84022,DP01648r001,1,10,10,0.0,0,2,618
P84022,DP01648r002,133,144,12,0.0,0,2,618
Q96T88,DP01651r001,165,181,17,0.0,0,4,283
Q96T88,DP01651r002,286,301,16,0.0,0,4,283
Q96T88,DP01651r004,490,501,12,0.0,0,4,283
Q96T88,DP01651r006,646,678,33,0.0,0,4,283
P36578,DP01654r001,46,63,18,0.0,0,4,677
P36578,DP01654r002,80,114,35,0.0,0,4,677
P36578,DP01654r003,301,320,20,0.0,0,4,677
P36578,DP01654r004,369,427,59,0.0,0,4,677
P55957,DP01662r001,1,12,12,0.0,0,4,1020
P55957,DP01662r002,43,77,35,0.05714285714285714,0,4,1020
P55957,DP01662r003,76,106,31,1.0,1,4,1020
P55957,DP01662r004,76,106,31,1.0,1,4,1020
P12081,DP01668r001,344,355,12,0.0,0,2,553
P12081,DP01668r002,1,52,52,0.0,0,2,553
O75928,DP01675r002,466,479,14,0.0,0,1,421
O14686,DP01676r003,4210,4280,71,0.0,0,1,1
P06454,DP01677r002,1,111,111,1.0,1,8,1125
P06454,DP01677r004,1,111,111,1.0,1,8,1125
P06454,DP01677r008,1,111,111,1.0,1,8,1125
P06454,DP01677r011,1,111,111,1.0,1,8,1125
P06454,DP01677r012,1,111,111,1.0,1,8,1125
P06454,DP01677r015,1,111,111,1.0,1,8,1125
P06454,DP01677r016,1,111,111,1.0,1,8,1125
P06454,DP01677r017,1,111,111,1.0,1,8,1125
P02549,DP01700r001,1,20,20,0.0,0,1,22
Q5VZK9,DP01701r001,1005,1020,16,0.0,0,1,89
P62318,DP01704r001,82,126,45,0.0,0,1,1107
Q07666,DP01705r001,136,156,21,0.0,0,5,654
Q07666,DP01705r002,365,378,14,0.0,0,5,654
Q07666,DP01705r003,390,419,30,0.0,0,5,654
Q07666,DP01705r007,1,96,96,0.0,0,5,654
Q07666,DP01705r008,267,368,102,0.0,0,5,654
Q9NT62,DP01720r001,129,158,30,0.0,0,1,837
O95644,DP01724r001,391,400,10,0.0,0,6,194
O95644,DP01724r002,416,425,10,0.0,0,6,194
O95644,DP01724r005,538,559,22,0.0,0,6,194
O95644,DP01724r007,1,414,414,0.0,0,6,194
O95644,DP01724r008,1,414,414,0.0,0,6,194
O95644,DP01724r011,704,943,240,0.0,0,6,194
Q7Z3C6,DP01730r001,810,839,30,0.0,0,4,257
Q7Z3C6,DP01730r002,1,35,35,0.0,0,4,257
Q7Z3C6,DP01730r003,96,105,10,0.0,0,4,257
Q7Z3C6,DP01730r004,523,839,317,0.0,0,4,257
P52597,DP01736r001,1,10,10,0.0,0,2,705
P52597,DP01736r002,100,110,11,0.0,0,2,705
P04271,DP01738r001,18,28,11,0.0,0,2,1144
P04271,DP01738r003,80,91,12,0.0,0,2,1144
Q6PHW0,DP01741r001,32,70,39,0.0,0,3,871
Q6PHW0,DP01741r002,161,178,18,1.0,1,3,871
Q6PHW0,DP01741r004,199,211,13,1.0,1,3,871
P48788,DP01747r001,97,182,86,0.0,0,2,985
P48788,DP01747r002,98,182,85,0.0,0,2,985
P05556,DP01748r002,752,798,47,0.3191489361702128,0,1,281
P62877,DP01750r001,12,39,28,1.0,1,2,1133
P62877,DP01750r008,1,18,18,0.3888888888888889,0,2,1133
O43172,DP01751r001,1,169,169,0.1834319526627219,0,5,530
O43172,DP01751r002,1,169,169,0.1834319526627219,0,5,530
O43172,DP01751r006,1,169,169,0.1834319526627219,0,5,530
O43172,DP01751r008,107,137,31,1.0,1,5,530
O43172,DP01751r009,107,137,31,1.0,1,5,530
Q13029,DP01757r001,197,341,145,0.0,0,4,50
Q13029,DP01757r002,197,341,145,0.0,0,4,50
Q13029,DP01757r003,197,269,73,0.0,0,4,50
Q13029,DP01757r005,297,341,45,0.0,0,4,50
P37173,DP01760r001,38,48,11,1.0,1,4,483
P37173,DP01760r002,38,48,11,1.0,1,4,483
P37173,DP01760r003,150,159,10,0.0,0,4,483
P37173,DP01760r004,38,48,11,1.0,1,4,483
O95718,DP01764r001,169,194,26,0.0,0,1,667
Q9NQA5,DP01765r001,587,725,139,0.0,0,2,301
Q9NQA5,DP01765r002,587,725,139,0.0,0,2,301
Q9H1D0,DP01767r001,655,725,71,0.0,0,2,301
Q9H1D0,DP01767r003,655,725,71,0.0,0,2,301
P58753,DP01768r001,15,35,21,1.0,1,2,964
P58753,DP01768r003,15,35,21,1.0,1,2,964
Q8WUG5,DP01769r001,112,216,105,0.0,0,2,396
Q8WUG5,DP01769r003,112,216,105,0.0,0,2,396
P50402,DP01770r001,46,187,142,0.0,0,2,913
P50402,DP01770r002,67,170,104,0.0,0,2,913
P78560,DP01771r001,95,136,42,0.0,0,1,1007
Q07912,DP01772r001,448,489,42,0.0,0,1,163
P98170,DP01773r001,241,254,14,0.0,0,2,574
P98170,DP01773r002,345,356,12,0.0,0,2,574
O75112,DP01781r001,229,283,55,0.0,0,2,334
O75112,DP01781r002,85,283,199,0.0,0,2,334
Q53GG5,DP01782r001,107,273,167,1.0,1,3,777
Q53GG5,DP01782r002,107,273,167,1.0,1,3,777
Q53GG5,DP01782r003,107,273,167,1.0,1,3,777
Q86UX7,DP01784r001,142,224,83,0.0,0,2,369
Q86UX7,DP01784r003,142,224,83,0.0,0,2,369
P98177,DP01788r001,82,91,10,0.0,0,3,561
P98177,DP01788r003,86,96,11,0.0,0,3,561
P98177,DP01788r004,182,204,23,0.0,0,3,561
P15941,DP01790r002,1184,1198,15,0.0,0,1,111
Q9BUH6,DP01795r001,143,204,62,0.0,0,2,1000
Q9BUH6,DP01795r003,143,166,24,0.0,0,2,1000
O96017,DP01797r001,64,90,27,0.0,0,9,507
O96017,DP01797r003,1,70,70,0.0,0,9,507
O96017,DP01797r006,70,91,22,0.0,0,9,507
O96017,DP01797r007,254,267,14,0.0,0,9,507
O96017,DP01797r011,377,387,11,0.0,0,9,507
O96017,DP01797r014,255,268,14,0.0,0,9,507
O96017,DP01797r015,505,531,27,0.0,0,9,507
O96017,DP01797r016,513,543,31,0.0,0,9,507
O96017,DP01797r018,1,63,63,0.0,0,9,507
P49790,DP01799r001,1313,1390,78,0.0,0,2,73
P49790,DP01799r004,875,1475,601,0.0,0,2,73
P53999,DP01804r001,1,60,60,0.0,0,1,1103
P40855,DP01805r001,1,165,165,0.0,0,4,857
P40855,DP01805r003,1,165,165,0.0,0,4,857
P40855,DP01805r005,4,182,179,0.0,0,4,857
P40855,DP01805r006,278,297,20,0.0,0,4,857
P49005,DP01807r001,42,53,12,0.0,0,2,615
P49005,DP01807r002,102,122,21,0.0,0,2,615
Q15910,DP01817r001,346,421,76,0.0,0,8,312
Q15910,DP01817r002,480,514,35,1.0,1,8,312
Q15910,DP01817r005,730,746,17,0.0,0,8,312
Q15910,DP01817r006,183,210,28,0.0,0,8,312
Q15910,DP01817r007,732,746,15,0.0,0,8,312
Q15910,DP01817r008,733,746,14,0.0,0,8,312
Q15910,DP01817r010,1,10,10,0.0,0,8,312
Q15910,DP01817r016,340,435,96,0.0,0,8,312
O43715,DP01835r001,54,76,23,0.0,0,1,1157
O14713,DP01836r001,49,59,11,0.0,0,2,1005
O14713,DP01836r002,49,59,11,0.0,0,2,1005
P08514,DP01841r001,989,1039,51,0.0,0,2,162
P08514,DP01841r003,997,1008,12,0.0,0,2,162
P05106,DP01842r001,741,788,48,0.0,0,2,281
P05106,DP01842r003,763,788,26,0.0,0,2,281
Q92540,DP01844r001,111,143,33,0.0,0,1,130
Q13451,DP01845r001,1,12,12,0.0,0,1,632
P05107,DP01848r001,735,769,35,1.0,1,1,281
O60260,DP01849r003,378,391,14,0.0,0,3,620
O60260,DP01849r005,73,99,27,0.0,0,3,620
O60260,DP01849r006,109,142,34,0.0,0,3,620
Q9NQC3,DP01855r006,567,748,182,1.0,1,36,125
Q9NQC3,DP01855r009,1155,1187,33,0.0,0,36,125
Q9NQC3,DP01855r010,1055,1094,40,0.0,0,36,125
Q9NQC3,DP01855r011,1155,1187,33,0.0,0,36,125
Q9NQC3,DP01855r012,1,31,31,0.0,0,36,125
Q9NQC3,DP01855r013,1,200,200,0.0,0,36,125
Q9NQC3,DP01855r014,32,200,169,0.0,0,36,125
Q9NQC3,DP01855r015,1,200,200,0.0,0,36,125
Q9NQC3,DP01855r016,32,200,169,0.0,0,36,125
Q9NQC3,DP01855r017,1,200,200,0.0,0,36,125
Q9NQC3,DP01855r018,210,408,199,0.0,0,36,125
Q9NQC3,DP01855r019,409,616,208,0.2403846153846154,0,36,125
Q9NQC3,DP01855r020,617,824,208,0.6346153846153846,1,36,125
Q9NQC3,DP01855r021,825,1016,192,0.0,0,36,125
Q9NQC3,DP01855r022,210,358,149,0.0,0,36,125
Q9NQC3,DP01855r023,359,566,208,0.0,0,36,125
Q9NQC3,DP01855r024,567,774,208,0.875,1,36,125
Q9NQC3,DP01855r025,775,1016,242,0.0,0,36,125
Q9NQC3,DP01855r026,210,408,199,0.0,0,36,125
Q9NQC3,DP01855r027,409,616,208,0.2403846153846154,0,36,125
Q9NQC3,DP01855r028,617,824,208,0.6346153846153846,1,36,125
Q9NQC3,DP01855r029,825,1016,192,0.0,0,36,125
Q9NQC3,DP01855r030,210,358,149,0.0,0,36,125
Q9NQC3,DP01855r031,359,566,208,0.0,0,36,125
Q9NQC3,DP01855r032,567,774,208,0.875,1,36,125
Q9NQC3,DP01855r033,775,1016,242,0.0,0,36,125
Q9NQC3,DP01855r034,210,408,199,0.0,0,36,125
Q9NQC3,DP01855r035,409,616,208,0.2403846153846154,0,36,125
Q9NQC3,DP01855r036,617,824,208,0.6346153846153846,1,36,125
Q9NQC3,DP01855r037,825,1016,192,0.0,0,36,125
Q9NQC3,DP01855r038,210,358,149,0.0,0,36,125
Q9NQC3,DP01855r039,359,566,208,0.0,0,36,125
Q9NQC3,DP01855r040,567,774,208,0.875,1,36,125
Q9NQC3,DP01855r041,775,1016,242,0.0,0,36,125
Q9NQC3,DP01855r045,567,748,182,1.0,1,36,125
Q9NQC3,DP01855r046,1055,1094,40,0.0,0,36,125
P09012,DP01857r001,102,117,16,0.0,0,3,879
P09012,DP01857r003,115,207,93,0.0,0,3,879
P09012,DP01857r005,99,117,19,0.0,0,3,879
P01042,DP01861r001,438,531,94,0.0,0,2,400
P01042,DP01861r002,438,531,94,0.0,0,2,400
O75533,DP01863r001,1,462,462,0.0,0,2,99
O75533,DP01863r007,190,344,155,0.0,0,2,99
P51587,DP01869r004,48,284,237,0.0,0,1,6
O95630,DP01872r001,228,241,14,0.0,0,2,684
O95630,DP01872r003,219,245,27,0.0,0,2,684
Q99075,DP01873r001,73,106,34,0.0,0,1,991
O95149,DP01874r001,288,348,61,0.0,0,2,784
O95149,DP01874r002,72,91,20,0.0,0,2,784
P52926,DP01876r001,1,109,109,0.0,0,3,1131
P52926,DP01876r002,1,109,109,0.0,0,3,1131
P52926,DP01876r004,1,109,109,0.0,0,3,1131
Q96AY2,DP01877r003,369,402,34,0.0,0,1,480
Q9UPR3,DP01878r001,924,946,23,0.0,0,1,171
Q15596,DP01880r001,624,829,206,0.0,0,1,76
P02655,DP01883r001,40,65,26,0.0,0,1,1143
Q9UKT5,DP01884r001,242,271,30,0.0,0,1,747
O14776,DP01893r001,98,108,11,1.0,1,1,142
O60885,DP01898r002,333,349,17,0.0,0,1,93
Q13568,DP01907r001,458,467,10,0.0,0,1,573
Q96RI1,DP01914r001,275,290,16,0.0,0,1,591
Q92900,DP01921r003,348,359,12,0.0,0,2,136
Q02078,DP01925r001,75,86,12,0.0,0,1,557
P83731,DP01935r001,125,157,33,0.0,0,2,1066
P83731,DP01935r002,123,157,35,0.0,0,2,1066
P11021,DP01938r001,1,24,24,0.0,0,2,392
P11021,DP01938r002,634,654,21,0.0,0,2,392
P50553,DP01942r001,1,236,236,0.0,0,1,939
Q9NRY2,DP01943r001,1,62,62,0.0,0,1,1135
P21333,DP01950r001,1,36,36,0.0,0,1,16
P04083,DP01951r006,116,185,70,1.0,1,4,799
P04083,DP01951r007,116,185,70,1.0,1,4,799
P04083,DP01951r009,2,12,11,1.0,1,4,799
P04083,DP01951r015,2,26,25,1.0,1,4,799
P0CF51,DP01967r001,102,112,11,1.0,1,1,1046
P13693,DP01972r001,37,68,32,0.0,0,3,1047
P13693,DP01972r003,37,68,32,0.0,0,3,1047
P13693,DP01972r004,42,61,20,0.0,0,3,1047
P39748,DP01974r001,45,61,17,0.0,0,3,757
P39748,DP01974r002,90,130,41,0.0,0,3,757
P39748,DP01974r003,330,342,13,0.0,0,3,757
P35520,DP01976r001,1,40,40,0.0,0,1,499
P49736,DP01977r001,1,160,160,0.075,0,4,214
P49736,DP01977r006,69,106,38,0.0,0,4,214
P49736,DP01977r007,119,138,20,0.0,0,4,214
P49736,DP01977r008,107,118,12,1.0,1,4,214
Q8TEK3,DP01985r001,333,416,84,0.0,0,1,62
Q14493,DP01987r001,200,224,25,0.0,0,1,896
P36894,DP01990r001,104,120,17,1.0,1,1,518
O14745,DP02000r001,242,358,117,1.0,1,4,787
O14745,DP02000r003,242,358,117,1.0,1,4,787
O14745,DP02000r005,242,358,117,1.0,1,4,787
O14745,DP02000r008,242,358,117,1.0,1,4,787
P16220,DP02003r001,101,160,60,1.0,1,1,819
Q92793,DP02004r001,674,1080,407,0.0,0,6,21
Q92793,DP02004r003,1852,2057,206,0.0,0,6,21
Q92793,DP02004r004,674,1080,407,0.0,0,6,21
Q92793,DP02004r005,674,1080,407,0.0,0,6,21
Q92793,DP02004r006,674,1080,407,0.0,0,6,21
Q92793,DP02004r007,674,1080,407,0.0,0,6,21
P47710,DP02005r001,1,185,185,0.0,0,1,1028
P04183,DP02006r001,64,73,10,0.0,0,3,944
P04183,DP02006r002,1,17,17,0.0,0,3,944
P04183,DP02006r003,193,234,42,0.0,0,3,944
Q9H2Y7,DP02007r001,1265,1521,257,0.0,0,1,40
O75683,DP02009r001,1,182,182,0.0,0,2,782
O75683,DP02009r002,1,195,195,0.0,0,2,782
Q9NRJ3,DP02010r001,1,10,10,0.0,0,3,1104
Q9NRJ3,DP02010r003,1,108,108,0.0,0,3,1104
Q9NRJ3,DP02010r004,99,127,29,0.0,0,3,1104
P0DP23,DP02013r002,76,85,10,0.0,0,1,1048
P52272,DP02015r001,41,70,30,1.0,1,1,333
P17405,DP02027r006,49,85,37,0.0,0,2,411
P17405,DP02027r009,614,631,18,0.0,0,2,411
P62805,DP02034r001,1,25,25,0.0,0,1,1137
P38919,DP02069r001,1,21,21,0.0,0,4,713
P38919,DP02069r002,1,20,20,0.0,0,4,713
P38919,DP02069r003,1,21,21,0.0,0,4,713
P38919,DP02069r004,1,20,20,0.0,0,4,713
Q13415,DP02072r001,662,673,12,0.0,0,2,242
Q13415,DP02072r002,471,489,19,0.0,0,2,242
P28300,DP02075r003,22,168,147,0.0,0,2,699
P28300,DP02075r004,22,168,147,0.0,0,2,699
P02686,DP02078r001,1,171,171,0.10526315789473684,0,10,849
P02686,DP02078r004,1,171,171,0.10526315789473684,0,10,849
P02686,DP02078r005,82,99,18,1.0,1,10,849
P02686,DP02078r007,86,96,11,1.0,1,10,849
P02686,DP02078r008,82,99,18,1.0,1,10,849
P02686,DP02078r010,82,99,18,1.0,1,10,849
P49427,DP02094r001,183,236,54,0.0,0,2,938
P49427,DP02094r003,101,115,15,0.0,0,2,938
P28698,DP02096r001,1,13,13,0.0,0,1,330
P60604,DP02100r001,95,109,15,0.0,0,1,938
P52948,DP02123r001,2,150,149,0.0,0,5,46
P52948,DP02123r002,2,150,149,0.0,0,5,46
P52948,DP02123r003,1,730,730,0.0,0,5,46
P52948,DP02123r004,881,1111,231,0.0,0,5,46
P52948,DP02123r005,1161,1193,33,0.0,0,5,46
P30307,DP02126r001,208,225,18,1.0,1,1,611
P02671,DP02130r003,232,581,350,0.0,0,1,234
Q2TAZ0,DP02142r001,1244,1273,30,0.0,0,20,34
Q2TAZ0,DP02142r002,1,172,172,0.0,0,20,34
Q2TAZ0,DP02142r003,304,424,121,0.0,0,20,34
Q2TAZ0,DP02142r004,1237,1416,180,0.0,0,20,34
Q2TAZ0,DP02142r005,1736,1938,203,0.0,0,20,34
Q2TAZ0,DP02142r006,204,220,17,0.0,0,20,34
Q2TAZ0,DP02142r007,464,483,20,0.0,0,20,34
Q2TAZ0,DP02142r008,617,628,12,0.0,0,20,34
Q2TAZ0,DP02142r009,747,793,47,0.0,0,20,34
Q2TAZ0,DP02142r010,850,923,74,0.0,0,20,34
Q2TAZ0,DP02142r011,940,957,18,0.0,0,20,34
Q2TAZ0,DP02142r012,996,1015,20,0.0,0,20,34
Q2TAZ0,DP02142r013,1025,1041,17,0.0,0,20,34
Q2TAZ0,DP02142r014,441,450,10,0.0,0,20,34
Q2TAZ0,DP02142r015,1430,1478,49,0.0,0,20,34
Q2TAZ0,DP02142r016,1497,1513,17,0.0,0,20,34
Q2TAZ0,DP02142r017,1543,1554,12,0.0,0,20,34
Q2TAZ0,DP02142r018,1566,1575,10,0.0,0,20,34
Q2TAZ0,DP02142r019,1615,1664,50,0.0,0,20,34
Q2TAZ0,DP02142r020,1679,1690,12,0.0,0,20,34
Q676U5,DP02148r001,59,84,26,0.0,0,2,435
Q676U5,DP02148r004,12,31,20,0.0,0,2,435
Q9HD26,DP02150r001,248,277,30,0.0,0,2,624
Q9HD26,DP02150r002,255,279,25,0.0,0,2,624
P61328,DP02160r002,148,181,34,0.0,0,1,924
P16050,DP02162r001,22,162,141,0.0,0,1,386
Q02388,DP02163r001,1940,1978,39,0.0,0,2,10
Q02388,DP02163r002,1940,1978,39,0.0,0,2,10
Q8WUM0,DP02164r001,252,269,18,0.0,0,3,129
Q8WUM0,DP02164r002,478,514,37,0.0,0,3,129
Q8WUM0,DP02164r003,1,70,70,0.0,0,3,129
Q8N726,DP02167r001,1,132,132,0.10606060606060606,0,3,1097
Q8N726,DP02167r003,57,132,76,0.0,0,3,1097
Q8N726,DP02167r004,1,14,14,1.0,1,3,1097
O15234,DP02170r001,195,215,21,0.0,0,8,350
O15234,DP02170r002,198,213,16,0.0,0,8,350
O15234,DP02170r003,137,168,32,0.0,0,8,350
O15234,DP02170r004,249,286,38,0.0,0,8,350
O15234,DP02170r006,1,169,169,0.0,0,8,350
O15234,DP02170r007,195,703,509,0.0,0,8,350
O15234,DP02170r011,170,194,25,0.0,0,8,350
O15234,DP02170r012,216,246,31,0.0,0,8,350
P08621,DP02171r002,1,33,33,0.0,0,5,662
P08621,DP02171r003,1,33,33,0.0,0,5,662
P08621,DP02171r004,184,437,254,0.0,0,5,662
P08621,DP02171r005,184,437,254,0.0,0,5,662
P08621,DP02171r015,230,306,77,0.0,0,5,662
Q9BS26,DP02173r001,361,379,19,0.0,0,2,722
Q9BS26,DP02173r002,361,406,46,0.0,0,2,722
P51965,DP02191r001,1,40,40,0.0,0,3,1023
P51965,DP02191r002,1,40,40,0.0,0,3,1023
P51965,DP02191r003,1,40,40,0.0,0,3,1023
O00571,DP02192r001,1,167,167,0.0,0,1,338
P15516,DP02206r001,20,51,32,0.75,1,4,1167
P15516,DP02206r002,20,43,24,1.0,1,4,1167
P15516,DP02206r003,20,43,24,1.0,1,4,1167
P15516,DP02206r004,20,51,32,0.75,1,4,1167
P02808,DP02207r001,20,62,43,0.0,0,1,1164
Q03519,DP02210r001,1,129,129,0.0,0,1,364
P29375,DP02224r001,184,360,177,0.0,0,2,53
P29375,DP02224r002,184,360,177,0.0,0,2,53
P24385,DP02226r001,1,24,24,0.0,0,2,865
P24385,DP02226r004,256,295,40,0.0,0,2,865
Q99958,DP02231r001,134,144,11,0.0,0,1,569
Q13547,DP02233r001,377,482,106,0.0,0,1,596
P08476,DP02234r001,359,386,28,0.0,0,1,679
P10721,DP02247r001,544,565,22,0.0,0,1,180
P68363,DP02251r001,416,447,32,0.0,0,1,641
Q96F86,DP02253r001,203,258,56,0.0,0,2,555
Q96F86,DP02253r003,203,258,56,0.0,0,2,555
P14598,DP02254r002,213,228,16,0.0,0,4,743
P14598,DP02254r003,213,228,16,0.0,0,4,743
P14598,DP02254r004,296,330,35,1.0,1,4,743
P14598,DP02254r009,343,390,48,0.0,0,4,743
P42226,DP02262r001,783,814,32,0.71875,1,3,252
P42226,DP02262r004,790,799,10,1.0,1,3,252
P42226,DP02262r006,783,793,11,0.7272727272727273,1,3,252
Q8IVG9,DP02267r001,1,24,24,0.0,0,2,159
Q8IVG9,DP02267r002,1,24,24,0.0,0,2,159
Q9Y6K9,DP02269r001,252,272,21,0.0,0,3,693
Q9Y6K9,DP02269r002,150,192,43,0.0,0,3,693
Q9Y6K9,DP02269r004,1,43,43,0.0,0,3,693
Q92905,DP02290r001,198,218,21,0.0,0,2,813
Q92905,DP02290r002,284,295,12,0.0,0,2,813
Q96PU5,DP02292r001,400,480,81,0.0,0,1,182
P63165,DP02294r001,1,18,18,0.0,0,3,1145
P63165,DP02294r002,2,18,17,0.0,0,3,1145
P63165,DP02294r003,1,18,18,0.0,0,3,1145
Q71UI9,DP02301r001,39,48,10,0.0,0,1,1099
Q15843,DP02302r001,69,81,13,1.0,1,1,1156
Q0JRZ9,DP02303r001,259,274,16,0.0,0,1,275
Q96RF0,DP02309r009,59,224,166,0.0,0,1,415
O43663,DP02316r001,467,620,154,0.0,0,2,422
O43663,DP02316r003,451,486,36,0.0,0,2,422
O14672,DP02318r001,697,748,52,1.0,1,2,314
O14672,DP02318r004,697,748,52,1.0,1,2,314
Q00169,DP02327r001,1,12,12,0.0,0,4,895
Q00169,DP02327r002,119,190,72,0.0,0,4,895
Q00169,DP02327r004,119,190,72,0.0,0,4,895
Q00169,DP02327r008,233,270,38,0.0,0,4,895
P53779,DP02328r001,206,231,26,0.0,0,1,622
Q9BUQ8,DP02332r001,1,257,257,0.0,0,6,271
Q9BUQ8,DP02332r005,807,820,14,0.0,0,6,271
Q9BUQ8,DP02332r007,791,820,30,0.0,0,6,271
Q9BUQ8,DP02332r008,1,157,157,0.0,0,6,271
Q9BUQ8,DP02332r009,204,240,37,0.0,0,6,271
Q9BUQ8,DP02332r010,338,351,14,0.0,0,6,271
P13861,DP02333r001,44,90,47,0.0,0,1,723
O60701,DP02338r003,465,494,30,0.0,0,1,580
Q92804,DP02345r001,323,354,32,0.0,0,1,454
Q9BTL3,DP02346r001,2,45,44,1.0,1,1,1115
Q8N5F7,DP02348r007,1,328,328,0.0,0,5,706
Q8N5F7,DP02348r008,1,328,328,0.0,0,5,706
Q8N5F7,DP02348r009,359,415,57,0.0,0,5,706
Q8N5F7,DP02348r010,1,328,328,0.0,0,5,706
Q8N5F7,DP02348r011,359,415,57,0.0,0,5,706
P51825,DP02349r002,738,760,23,0.0,0,1,122
P0DMV9,DP02353r001,229,306,78,0.0,0,1,392
Q8IYB3,DP02359r001,1,31,31,0.0,0,2,215
Q8IYB3,DP02359r002,127,904,778,0.0,0,2,215
O14810,DP02360r001,74,83,10,0.0,0,1,1094
O95429,DP02361r001,357,376,20,0.0,0,1,630
Q9H6Z4,DP02364r001,31,45,15,0.0,0,1,484
Q13464,DP02365r001,895,913,19,0.0,0,1,94
P29536,DP02368r001,299,313,15,0.0,0,1,442
Q92837,DP02373r001,1,198,198,0.0,0,2,883
Q92837,DP02373r002,224,279,56,0.0,0,2,883
Q96T58,DP02375r001,3470,3494,25,0.0,0,1,5
O60706,DP02381r001,618,669,52,0.0,0,3,59
O60706,DP02381r002,618,669,52,0.0,0,3,59
O60706,DP02381r003,618,669,52,0.0,0,3,59
Q15046,DP02382r002,1,70,70,1.0,1,1,447
P08631,DP02383r001,2,79,78,0.0,0,1,514
Q9NYB9,DP02386r001,156,513,358,0.0,0,1,548
Q96GD4,DP02389r001,221,236,16,0.0,0,1,726
Q9NQS7,DP02390r001,883,903,21,0.0,0,1,204
Q8IZD2,DP02393r001,323,339,17,0.0,0,1,43
Q7RTP6,DP02396r001,1881,1990,110,0.0,0,1,30
Q04637,DP02398r001,592,606,15,0.0,0,8,57
Q04637,DP02398r003,161,216,56,0.44642857142857145,0,8,57
Q04637,DP02398r012,1427,1436,10,0.0,0,8,57
Q04637,DP02398r014,1079,1233,155,0.0,0,8,57
Q04637,DP02398r015,290,754,465,0.0,0,8,57
Q04637,DP02398r016,992,1599,608,0.0,0,8,57
P06730,DP02399r001,1,29,29,0.0,0,3,972
P06730,DP02399r003,2,35,34,0.0,0,3,972
P06730,DP02399r004,1,26,26,0.0,0,3,972
Q96N21,DP02404r001,136,153,18,0.0,0,1,527
Q8IYW5,DP02405r001,94,111,18,0.0,0,1,479
Q9P2K3,DP02408r001,1,272,272,0.0,0,2,578
Q9P2K3,DP02408r002,406,553,148,0.0,0,2,578
Q9BTT0,DP02409r001,186,213,28,0.0,0,1,899
Q08050,DP02411r001,222,231,10,0.0,0,5,304
Q08050,DP02411r002,327,360,34,0.0,0,5,304
Q08050,DP02411r005,1,114,114,0.0,0,5,304
Q08050,DP02411r006,694,748,55,0.0,0,5,304
Q08050,DP02411r008,1,114,114,0.0,0,5,304
P04198,DP02413r001,28,60,33,0.0,0,1,621
P14653,DP02414r001,187,206,20,0.0,0,1,855
P54274,DP02415r005,1,10,10,0.0,0,2,661
P54274,DP02415r006,23,55,33,0.0,0,2,661
P49765,DP02417r001,37,46,10,1.0,1,2,994
P49765,DP02417r004,130,188,59,0.0,0,2,994
P35568,DP02418r001,117,159,43,0.0,0,1,114
Q5SQI0,DP02419r001,26,36,11,0.0,0,2,687
Q5SQI0,DP02419r002,196,236,41,0.0,0,2,687
Q86YV5,DP02420r001,932,943,12,0.0,0,5,84
Q86YV5,DP02420r002,1030,1039,10,0.0,0,5,84
Q86YV5,DP02420r003,1065,1081,17,0.0,0,5,84
Q86YV5,DP02420r004,1218,1238,21,0.0,0,5,84
Q86YV5,DP02420r005,1336,1345,10,0.0,0,5,84
Q9BVI0,DP02427r001,70,85,16,0.0,0,1,173
Q5T4W7,DP02428r001,108,120,13,0.0,0,1,966
P15391,DP02431r001,138,152,15,0.0,0,1,495
Q96RS0,DP02445r001,618,633,16,0.0,0,1,248
Q8IU57,DP02446r001,270,299,30,0.0,0,1,539
Q15583,DP02449r001,150,167,18,0.0,0,3,729
Q15583,DP02449r002,235,248,14,0.0,0,3,729
Q15583,DP02449r003,256,347,92,0.0,0,3,729
Q8TEA8,DP02452r001,152,209,58,1.0,1,1,989
Q9UKX7,DP02455r001,48,109,62,0.0,0,1,616
O95400,DP02457r001,256,280,25,0.0,0,1,803
P17181,DP02458r001,49,58,10,0.0,0,2,492
P17181,DP02458r002,330,436,107,0.0,0,2,492
Q9NRR4,DP02463r001,390,411,22,0.0,0,5,88
Q9NRR4,DP02463r002,459,521,63,0.0,0,5,88
Q9NRR4,DP02463r003,712,849,138,0.0,0,5,88
Q9NRR4,DP02463r004,930,957,28,0.0,0,5,88
Q9NRR4,DP02463r005,1333,1365,33,0.0,0,5,88
P07199,DP02465r001,583,599,17,0.0,0,1,443
P51617,DP02467r001,449,463,15,0.0,0,2,343
P51617,DP02467r002,367,382,16,0.0,0,2,343
P17480,DP02468r001,547,560,14,0.0,0,1,302
Q96G97,DP02471r001,2,60,59,0.0,0,2,733
Q96G97,DP02471r002,220,398,179,0.0,0,2,733
Q15642,DP02473r001,289,303,15,0.0,0,1,441
Q86UE8,DP02475r001,1,200,200,0.0,0,1,296
Q01970,DP02477r001,471,572,102,0.0,0,2,115
Q01970,DP02477r005,882,1234,353,0.0,0,2,115
O60502,DP02479r001,11,58,48,0.0,0,7,205
O60502,DP02479r002,341,370,30,0.0,0,7,205
O60502,DP02479r003,696,706,11,0.0,0,7,205
O60502,DP02479r004,11,56,46,0.0,0,7,205
O60502,DP02479r005,348,369,22,0.0,0,7,205
O60502,DP02479r006,341,371,31,0.0,0,7,205
O60502,DP02479r007,335,372,38,0.0,0,7,205
P09327,DP02510r001,360,613,254,0.0,0,1,261
Q13740,DP02515r001,246,583,338,0.0,0,1,465
Q9UKL0,DP02523r001,1,307,307,0.0,0,2,578
Q9UKL0,DP02523r002,441,485,45,0.0,0,2,578
A5YKK6,DP02524r002,1565,1841,277,0.0,0,2,23
A5YKK6,DP02524r003,1589,1607,19,0.0,0,2,23
Q92558,DP02529r001,185,494,310,0.0,0,5,490
Q92558,DP02529r002,545,559,15,0.0,0,5,490
Q92558,DP02529r004,517,526,10,0.0,0,5,490
Q92558,DP02529r005,1,14,14,0.0,0,5,490
Q92558,DP02529r006,544,559,16,0.0,0,5,490
P18564,DP02530r001,492,788,297,0.0,0,1,281
S6B291,DP02531r001,240,465,226,0.0,0,1,619
Q07866,DP02532r001,185,208,24,0.0,0,1,477
P56696,DP02533r001,550,593,44,0.0,0,1,355
Q16790,DP02538r001,38,136,99,0.0,0,6,628
Q16790,DP02538r002,38,136,99,0.0,0,6,628
Q16790,DP02538r003,38,136,99,0.0,0,6,628
Q16790,DP02538r004,38,136,99,0.0,0,6,628
Q16790,DP02538r006,38,136,99,0.0,0,6,628
Q16790,DP02538r007,38,136,99,0.0,0,6,628
Q16611,DP02539r001,64,98,35,0.5142857142857142,1,1,983
Q07812,DP02540r001,49,83,35,0.7142857142857143,1,1,1024
Q9NUM4,DP02543r007,1,119,119,0.0,0,2,889
Q9NUM4,DP02543r008,255,274,20,0.0,0,2,889
P07948,DP02545r001,1,62,62,0.0,0,1,514
P16070,DP02546r001,669,742,74,0.0,0,2,319
P16070,DP02546r005,153,178,26,0.0,0,2,319
Q9Y6G9,DP02547r001,388,523,136,0.0,0,2,529
Q9Y6G9,DP02547r003,388,523,136,0.0,0,2,529
Q8NBP7,DP02551r001,31,60,30,0.3333333333333333,0,1,361
P43629,DP02552r001,361,444,84,0.0,0,1,650
Q6P5W5,DP02554r001,424,498,75,0.0,0,2,397
Q6P5W5,DP02554r004,424,498,75,0.0,0,2,397
Q15109,DP02555r001,364,404,41,0.0,0,2,724
Q15109,DP02555r005,364,404,41,0.0,0,2,724
Q9NP70,DP02558r001,223,447,225,0.0,0,5,646
Q9NP70,DP02558r002,62,98,37,0.0,0,5,646
Q9NP70,DP02558r003,62,98,37,0.0,0,5,646
Q9NP70,DP02558r005,27,447,421,0.0,0,5,646
Q9NP70,DP02558r007,27,447,421,0.0,0,5,646
Q969R2,DP02559r001,1,184,184,0.0,0,1,207
P60880,DP02561r001,83,141,59,0.4745762711864407,0,2,996
P60880,DP02561r002,83,141,59,0.4745762711864407,0,2,996
Q15717,DP02564r001,1,19,19,0.0,0,1,822
P01266,DP02567r002,610,620,11,0.0,0,10,14
P01266,DP02567r003,1,23,23,0.0,0,10,14
P01266,DP02567r004,388,407,20,0.0,0,10,14
P01266,DP02567r005,511,546,36,0.0,0,10,14
P01266,DP02567r006,830,847,18,0.0,0,10,14
P01266,DP02567r007,1010,1020,11,0.0,0,10,14
P01266,DP02567r008,1234,1243,10,0.0,0,10,14
P01266,DP02567r009,1640,1657,18,0.0,0,10,14
P01266,DP02567r010,1802,1814,13,0.0,0,10,14
P01266,DP02567r011,2729,2768,40,0.0,0,10,14
P80192,DP02571r001,298,310,13,0.0,0,2,140
P80192,DP02571r003,173,183,11,0.0,0,2,140
P55042,DP02572r001,116,125,10,0.0,0,2,848
P55042,DP02572r002,149,160,12,0.0,0,2,848
P39905,DP02574r001,78,117,40,0.0,0,1,982
Q16647,DP02578r001,319,330,12,0.0,0,1,570
P28827,DP02580r001,589,742,154,0.0,0,1,77
Q9H900,DP02585r001,253,263,11,0.0,0,5,457
Q9H900,DP02585r003,69,98,30,0.0,0,5,457
Q9H900,DP02585r004,212,221,10,0.0,0,5,457
Q9H900,DP02585r005,310,338,29,0.0,0,5,457
Q9H900,DP02585r006,561,575,15,0.0,0,5,457
Q96PM5,DP02587r001,187,215,29,0.0,0,1,907
P78362,DP02591r001,1,80,80,0.0,0,8,363
P78362,DP02591r002,231,511,281,0.0,0,8,363
P78362,DP02591r003,231,511,281,0.0,0,8,363
P78362,DP02591r004,1,80,80,0.0,0,8,363
P78362,DP02591r007,1,80,80,0.0,0,8,363
P78362,DP02591r008,231,511,281,0.0,0,8,363
P78362,DP02591r009,231,511,281,0.0,0,8,363
P78362,DP02591r010,1,80,80,0.0,0,8,363
Q9H8Y8,DP02592r001,209,452,244,0.0,0,2,639
Q9H8Y8,DP02592r002,209,452,244,0.0,0,2,639
P63241,DP02594r001,1,14,14,0.0,0,1,1068
P25490,DP02595r001,1,295,295,0.0,0,5,707
P25490,DP02595r002,1,295,295,0.0,0,5,707
P25490,DP02595r003,1,295,295,0.0,0,5,707
P25490,DP02595r004,1,295,295,0.0,0,5,707
P25490,DP02595r005,1,295,295,0.0,0,5,707
Q96H20,DP02598r001,1,25,25,0.0,0,1,910
Q86VN1,DP02599r001,149,169,21,0.0,0,1,750
P35916,DP02600r001,470,483,14,0.0,0,3,92
P35916,DP02600r003,77,89,13,0.0,0,3,92
P35916,DP02600r004,114,123,10,0.0,0,3,92
Q96NW4,DP02601r001,693,732,40,0.0,0,2,157
Q96NW4,DP02601r004,619,640,22,0.0,0,2,157
P20020,DP02604r001,1063,1258,196,0.0,0,1,118
P02533,DP02605r001,295,331,37,0.0,0,1,612
P13647,DP02606r001,350,381,32,0.0,0,5,458
P13647,DP02606r003,1,167,167,0.0,0,5,458
P13647,DP02606r004,482,590,109,0.0,0,5,458
P13647,DP02606r005,1,167,167,0.0,0,5,458
P13647,DP02606r006,478,590,113,0.0,0,5,458
Q9UNA0,DP02607r001,557,628,72,0.0,0,1,198
Q8IUQ4,DP02608r001,90,124,35,0.0,0,1,880
Q96PY5,DP02609r001,150,204,55,0.0,0,1,145
Q8N1G2,DP02611r001,126,140,15,0.0,0,1,259
Q9Y6D6,DP02612r001,50,63,14,0.0,0,2,44
Q9Y6D6,DP02612r003,1,13,13,0.0,0,2,44
Q3MIT2,DP02614r001,234,243,10,0.0,0,2,522
Q3MIT2,DP02614r005,55,106,52,0.0,0,2,522
O75817,DP02615r001,1,28,28,0.0,0,1,1085
Q9BUL9,DP02616r001,1,21,21,0.0,0,2,1009
Q9BUL9,DP02616r002,158,199,42,0.0,0,2,1009
Q14194,DP02620r001,1,14,14,0.0,0,2,478
Q14194,DP02620r002,497,572,76,0.0,0,2,478
Q15113,DP02622r001,189,200,12,0.0,0,5,645
Q15113,DP02622r002,220,233,14,0.0,0,5,645
Q15113,DP02622r003,241,252,12,0.0,0,5,645
Q15113,DP02622r004,151,169,19,0.0,0,5,645
Q15113,DP02622r006,269,278,10,0.0,0,5,645
Q8TEP8,DP02627r001,201,214,14,0.0,0,2,19
Q8TEP8,DP02627r002,242,258,17,0.0,0,2,19
O94986,DP02628r001,1,15,15,0.0,0,2,51
O94986,DP02628r002,47,60,14,0.0,0,2,51
O14958,DP02630r001,371,399,29,1.0,1,1,731
P31321,DP02632r001,59,81,23,0.0,0,2,754
P31321,DP02632r004,1,13,13,0.0,0,2,754
Q9UBV7,DP02634r001,260,285,26,1.0,1,2,820
Q9UBV7,DP02634r010,260,285,26,1.0,1,2,820
P07237,DP02637r001,323,334,12,0.0,0,3,554
P07237,DP02637r002,348,357,10,0.0,0,3,554
P07237,DP02637r004,479,508,30,0.0,0,3,554
P78330,DP02639r001,45,56,12,0.0,0,2,959
P78330,DP02639r002,45,56,12,0.0,0,2,959
Q9HC35,DP02645r001,45,64,20,0.0,0,1,179
O95278,DP02647r001,69,79,11,0.0,0,1,817
P01023,DP02649r001,690,728,39,0.0,0,2,74
P01023,DP02649r004,683,700,18,0.0,0,2,74
P30542,DP02651r001,301,326,26,0.0,0,1,711
Q96FQ6,DP02652r001,51,71,21,0.0,0,2,1138
Q96FQ6,DP02652r002,51,71,21,0.0,0,2,1138
Q9H5I1,DP02654r001,379,392,14,0.0,0,1,718
P08294,DP02656r001,19,54,36,0.0,0,2,928
P08294,DP02656r005,224,240,17,0.0,0,2,928
Q8N807,DP02658r001,21,31,11,0.0,0,2,463
Q8N807,DP02658r003,496,580,85,0.0,0,2,463
Q6ZVN8,DP02661r001,130,145,16,0.0,0,1,680
Q9Y5C1,DP02665r001,420,429,10,0.0,0,1,627
P15848,DP02670r001,406,422,17,0.0,0,1,517
P11926,DP02673r002,422,461,40,0.0,0,3,625
P11926,DP02673r006,1,18,18,0.0,0,3,625
P11926,DP02673r007,422,461,40,0.0,0,3,625
P54368,DP02674r001,110,125,16,0.0,0,2,953
P54368,DP02674r002,69,92,24,0.0,0,2,953
O14977,DP02675r001,294,310,17,0.0,0,2,625
O14977,DP02675r002,433,448,16,0.0,0,2,625
Q9HD36,DP02676r001,107,121,15,0.0,0,1,1001
O75936,DP02678r001,188,198,11,0.0,0,1,746
P23280,DP02680r001,21,31,11,0.0,0,1,847
P13797,DP02682r001,1,20,20,0.0,0,1,413
P53816,DP02684r001,40,57,18,0.0,0,1,1062
Q92608,DP02691r001,70,80,11,0.0,0,5,45
Q92608,DP02691r003,1621,1830,210,0.0,0,5,45
Q92608,DP02691r004,70,80,11,0.0,0,5,45
Q92608,DP02691r005,578,589,12,0.0,0,5,45
Q92608,DP02691r006,1257,1270,14,0.0,0,5,45
Q6R327,DP02692r001,1,191,191,0.0,0,2,52
Q6R327,DP02692r002,1017,1610,594,0.0,0,2,52
Q9BPZ7,DP02693r001,248,522,275,0.0,0,1,534
Q8WUN7,DP02694r001,1,20,20,0.0,0,1,945
Q02363,DP02697r001,1,23,23,0.0,0,1,1096
P54687,DP02698r001,1,21,21,0.0,0,1,749
Q6V1X1,DP02699r001,138,164,27,0.6296296296296297,1,2,219
Q6V1X1,DP02699r003,1,47,47,0.0,0,2,219
Q15631,DP02701r001,218,228,11,0.0,0,1,954
Q14995,DP02702r001,386,395,10,0.0,0,2,469
Q14995,DP02702r002,470,479,10,0.0,0,2,469
O00411,DP02703r001,105,217,113,0.0,0,8,116
O00411,DP02703r002,592,602,11,0.0,0,8,116
O00411,DP02703r003,734,769,36,0.0,0,8,116
O00411,DP02703r004,1086,1108,23,0.0,0,8,116
O00411,DP02703r005,39,218,180,0.0,0,8,116
O00411,DP02703r006,592,602,11,0.0,0,8,116
O00411,DP02703r007,736,769,34,0.0,0,8,116
O00411,DP02703r008,1086,1108,23,0.0,0,8,116
P41214,DP02704r001,184,259,76,0.0,0,2,462
P41214,DP02704r002,348,373,26,0.0,0,2,462
P45379,DP02705r001,193,212,20,0.0,0,3,862
P45379,DP02705r002,272,288,17,0.0,0,3,862
P45379,DP02705r004,1,66,66,0.0,0,3,862
Q9NXV2,DP02706r001,212,234,23,0.0,0,2,947
Q9NXV2,DP02706r002,188,200,13,0.0,0,2,947
P04035,DP02709r001,861,888,28,0.0,0,1,224
Q9BQ50,DP02710r001,159,168,10,0.0,0,1,941
Q9H3P2,DP02712r001,189,528,340,0.0,0,1,524
P18615,DP02713r001,139,363,225,0.0,0,1,756
O60880,DP02714r001,103,128,26,0.0,0,1,1102
O95071,DP02717r001,2738,2747,10,0.0,0,1,13
Q53FT3,DP02719r001,88,106,19,0.0,0,1,1015
Q13838,DP02724r001,34,44,11,0.0,0,2,675
Q13838,DP02724r002,34,44,11,0.0,0,2,675
Q13526,DP02727r001,39,50,12,0.0,0,1,1060
P42166,DP02728r001,51,110,60,0.0,0,1,356
Q96EP1,DP02729r001,446,472,27,0.0,0,1,384
Q6P1M3,DP02730r001,471,484,14,0.0,0,2,170
Q6P1M3,DP02730r002,631,708,78,0.0,0,2,170
Q5U651,DP02731r001,187,197,11,0.0,0,4,185
Q5U651,DP02731r002,268,285,18,0.0,0,4,185
Q5U651,DP02731r003,268,285,18,0.0,0,4,185
Q5U651,DP02731r004,187,197,11,0.0,0,4,185
Q8IWJ2,DP02732r001,1547,1569,23,0.0,0,1,55
P20340,DP02733r001,175,206,32,0.0,0,1,990
P07355,DP02735r001,2,33,32,1.0,1,1,799
Q9NWW9,DP02737r001,40,51,12,0.0,0,1,1062
P08581,DP02738r001,1225,1244,20,0.0,0,1,86
P06756,DP02742r001,868,897,30,0.0,0,1,159
Q92574,DP02744r001,978,992,15,0.0,0,1,126
P05231,DP02745r001,28,46,19,0.0,0,2,980
P05231,DP02745r002,28,46,19,0.0,0,2,980
Q14565,DP02746r001,271,289,19,0.0,0,3,806
Q14565,DP02746r002,271,289,19,0.0,0,3,806
Q14565,DP02746r003,1,82,82,0.0,0,3,806
Q9GZN7,DP02747r004,47,56,10,0.0,0,1,875
P36871,DP02748r001,256,267,12,0.0,0,1,488
Q13617,DP02753r001,117,134,18,0.0,0,4,317
Q13617,DP02753r004,117,134,18,0.0,0,4,317
Q13617,DP02753r005,625,634,10,0.0,0,4,317
Q13617,DP02753r006,645,660,16,0.0,0,4,317
Q9GZU1,DP02757r001,1,59,59,0.2033898305084746,0,3,467
Q9GZU1,DP02757r002,206,215,10,0.0,0,3,467
Q9GZU1,DP02757r003,527,580,54,0.0,0,3,467
Q13563,DP02758r001,198,215,18,0.0,0,2,183
Q13563,DP02758r002,494,503,10,0.0,0,2,183
Q14181,DP02759r001,1,156,156,0.0,0,1,446
Q13162,DP02764r002,1,75,75,0.0,0,1,892
Q14118,DP02765r001,163,179,17,0.0,0,3,221
Q14118,DP02765r003,305,315,11,0.0,0,3,221
Q14118,DP02765r004,163,179,17,0.0,0,3,221
P01127,DP02770r001,106,119,14,1.0,1,1,927
Q9UPY3,DP02781r001,1003,1029,27,0.6296296296296297,1,2,36
Q9UPY3,DP02781r002,1003,1013,11,0.09090909090909091,0,2,36
Q9NPI8,DP02782r001,211,234,24,0.0,0,2,768
Q9NPI8,DP02782r002,177,188,12,0.0,0,2,768
P49189,DP02783r001,232,255,24,0.0,0,1,581
P16278,DP02785r001,531,544,14,0.0,0,2,370
P16278,DP02785r003,648,677,30,0.0,0,2,370
P22234,DP02794r001,37,51,15,0.0,0,2,682
P22234,DP02794r002,221,238,18,0.0,0,2,682
Q9NV23,DP02795r001,1,24,24,0.0,0,3,903
Q9NV23,DP02795r002,59,76,18,0.0,0,3,903
Q9NV23,DP02795r003,59,76,18,0.0,0,3,903
P20061,DP02797r001,318,330,13,0.0,0,2,669
P20061,DP02797r003,1,23,23,0.0,0,2,669
P23771,DP02798r001,304,314,11,0.0,0,2,653
P23771,DP02798r002,304,314,11,0.0,0,2,653
P05452,DP02801r001,22,46,25,0.0,0,1,1003
Q96Q11,DP02803r001,128,139,12,0.0,0,2,666
Q96Q11,DP02803r002,384,434,51,0.0,0,2,666
P61587,DP02804r001,1,19,19,0.0,0,1,925
A6NI73,DP02812r001,147,157,11,0.0,0,2,856
A6NI73,DP02812r002,147,157,11,0.0,0,2,856
P62330,DP02815r001,34,56,23,1.0,1,3,1042
P62330,DP02815r002,34,56,23,1.0,1,3,1042
P62330,DP02815r003,34,56,23,1.0,1,3,1042
P48740,DP02816r001,364,380,17,0.0,0,1,351
Q07157,DP02818r001,589,627,39,0.0,0,4,48
Q07157,DP02818r003,675,687,13,0.0,0,4,48
Q07157,DP02818r004,265,420,156,0.0,0,4,48
Q07157,DP02818r005,795,1631,837,0.0,0,4,48
Q8IVH8,DP02822r001,315,380,66,0.0,0,1,222
Q9UKY0,DP02823r001,24,51,28,0.0,0,1,1041
Q14019,DP02824r001,132,142,11,0.0,0,1,1083
P31153,DP02825r001,116,126,11,1.0,1,2,736
P31153,DP02825r005,117,129,13,0.7692307692307693,1,2,736
P46379,DP02829r003,1048,1123,76,1.0,1,2,133
P46379,DP02829r009,395,1029,635,0.0,0,2,133
Q13164,DP02831r001,1,46,46,0.0,0,1,273
Q7L2J0,DP02832r001,492,545,54,0.0,0,3,362
Q7L2J0,DP02832r004,418,431,14,1.0,1,3,362
Q7L2J0,DP02832r007,665,676,12,1.0,1,3,362
Q9Y4F1,DP02833r001,862,909,48,0.0,0,1,161
Q9Y2Z0,DP02834r001,262,276,15,0.0,0,2,776
Q9Y2Z0,DP02834r002,262,276,15,0.0,0,2,776
Q14849,DP02835r001,216,230,15,0.0,0,1,649
P20807,DP02838r001,269,320,52,0.0,0,3,270
P20807,DP02838r002,269,320,52,0.0,0,3,270
P20807,DP02838r003,269,320,52,0.0,0,3,270
O60934,DP02840r002,272,295,24,0.0,0,2,311
O60934,DP02840r004,335,392,58,0.0,0,2,311
O43521,DP02849r001,1,41,41,0.0,0,7,1010
O43521,DP02849r002,1,41,41,0.0,0,7,1010
O43521,DP02849r003,1,41,41,0.0,0,7,1010
O43521,DP02849r004,97,164,68,0.35294117647058826,0,7,1010
O43521,DP02849r005,97,164,68,0.35294117647058826,0,7,1010
O43521,DP02849r006,97,164,68,0.35294117647058826,0,7,1010
O43521,DP02849r011,141,165,25,1.0,1,7,1010
O60239,DP02850r001,266,452,187,0.0,0,1,635
Q5FWF5,DP02851r001,740,753,14,0.0,0,2,256
Q5FWF5,DP02851r002,1,15,15,0.0,0,2,256
P55197,DP02852r001,179,188,10,1.0,1,2,150
P55197,DP02852r005,1,23,23,0.0,0,2,150
Q9BYF1,DP02854r001,769,805,37,0.0,0,1,279
P11166,DP02855r001,456,492,37,0.0,0,2,584
P11166,DP02855r002,456,492,37,0.0,0,2,584
P83916,DP02856r001,73,107,35,0.0,0,5,1025
P83916,DP02856r002,73,107,35,0.0,0,5,1025
P83916,DP02856r003,73,107,35,0.0,0,5,1025
P83916,DP02856r004,176,185,10,0.0,0,5,1025
P83916,DP02856r005,176,185,10,0.0,0,5,1025
P18206,DP02858r001,844,876,33,0.3333333333333333,0,1,131
P55211,DP02860r001,289,334,46,0.0,0,1,702
P08670,DP02862r001,99,144,46,0.0,0,3,206
P08670,DP02862r002,99,144,46,0.0,0,3,206
P08670,DP02862r003,99,144,46,0.0,0,3,206
Q9Y5S9,DP02868r001,50,63,14,0.0,0,1,1044
Q16630,DP02869r001,13,80,68,0.0,0,4,501
Q16630,DP02869r002,173,235,63,0.0,0,4,501
Q16630,DP02869r003,481,519,39,0.0,0,4,501
Q16630,DP02869r004,531,550,20,0.0,0,4,501
Q8N5H7,DP02872r001,756,769,14,0.0,0,1,244
P55789,DP02875r001,81,93,13,0.0,0,1,999
Q8N884,DP02876r001,289,305,17,0.0,0,1,533
Q09428,DP02881r001,621,676,56,0.0,0,1,59
Q10589,DP02885r001,79,89,11,0.0,0,1,1036
Q9BZZ5,DP02894r001,322,335,14,0.0,0,3,528
Q9BZZ5,DP02894r002,455,504,50,0.0,0,3,528
Q9BZZ5,DP02894r003,455,504,50,0.0,0,3,528
Q96E14,DP02895r001,1,16,16,0.0,0,1,1075
Q8NBI3,DP02904r003,25,245,221,0.08597285067873303,0,1,798
Q8N3V7,DP02911r001,545,613,69,0.0,0,3,199
Q8N3V7,DP02911r002,545,613,69,0.0,0,3,199
Q8N3V7,DP02911r005,1,929,929,0.0,0,3,199
P04004,DP02913r001,48,130,83,1.0,1,3,603
P04004,DP02913r002,1,130,130,1.0,1,3,603
P04004,DP02913r007,59,70,12,1.0,1,3,603
P48443,DP02915r001,2,127,126,0.0,0,5,623
P48443,DP02915r002,2,127,126,0.0,0,5,623
P48443,DP02915r003,2,127,126,0.0,0,5,623
P48443,DP02915r004,2,127,126,0.0,0,5,623
P48443,DP02915r005,2,127,126,0.0,0,5,623
Q14444,DP02916r001,607,709,103,0.0,0,1,346
P17947,DP02918r001,118,165,48,0.0,0,4,894
P17947,DP02918r007,1,168,168,0.0,0,4,894
P17947,DP02918r008,258,270,13,0.0,0,4,894
P17947,DP02918r009,118,165,48,0.0,0,4,894
P26368,DP02921r001,231,258,28,0.0,0,1,608
P01215,DP02922r001,33,57,25,0.0,0,2,1117
P01215,DP02922r002,1,10,10,0.0,0,2,1117
Q9Y6I3,DP02930r001,1,18,18,1.0,1,1,474
Q96RD7,DP02945r001,163,190,28,0.0,0,2,681
Q96RD7,DP02945r003,374,426,53,0.0,0,2,681
P08572,DP02953r001,1629,1638,10,1.0,1,2,10
P08572,DP02953r003,1680,1696,17,1.0,1,2,10
Q12888,DP02954r001,1750,1768,19,0.0,0,5,31
Q12888,DP02954r003,1741,1767,27,0.0,0,5,31
Q12888,DP02954r004,1,1483,1483,0.0,0,5,31
Q12888,DP02954r005,1140,1225,86,0.0,0,5,31
Q12888,DP02954r006,1140,1225,86,0.0,0,5,31
P47992,DP02957r001,90,114,25,0.0,0,4,1122
P47992,DP02957r002,90,114,25,0.0,0,4,1122
P47992,DP02957r003,97,114,18,0.0,0,4,1122
P47992,DP02957r004,82,114,33,0.0,0,4,1122
Q5JRX3,DP02971r003,774,787,14,0.0,0,1,164
P06734,DP02975r002,150,159,10,0.0,0,3,826
P06734,DP02975r003,293,321,29,0.0,0,3,826
P06734,DP02975r005,244,258,15,0.0,0,3,826
Q05193,DP02976r001,347,356,10,0.0,0,4,238
Q05193,DP02976r004,394,404,11,0.0,0,4,238
Q05193,DP02976r005,500,517,18,0.0,0,4,238
Q05193,DP02976r006,632,652,21,0.0,0,4,238
O75962,DP02977r001,1494,1507,14,0.0,0,1,8
Q9BSQ5,DP02978r001,160,190,31,0.0,0,2,651
Q9BSQ5,DP02978r003,377,420,44,0.0,0,2,651
P04275,DP02981r001,1478,1493,16,0.0,0,1,12
P58004,DP03004r013,1,65,65,0.0,0,7,600
P58004,DP03004r014,241,255,15,0.0,0,7,600
P58004,DP03004r015,296,309,14,0.0,0,7,600
P58004,DP03004r016,222,232,11,0.0,0,7,600
P58004,DP03004r019,295,307,13,0.0,0,7,600
P58004,DP03004r020,240,255,16,0.0,0,7,600
P58004,DP03004r021,1,65,65,0.0,0,7,600
Q53TN4,DP03005r001,231,286,56,0.0,0,1,876
O95843,DP03006r003,186,209,24,0.0,0,2,988
O95843,DP03006r004,1,22,22,0.0,0,2,988
Q5D1E8,DP03010r002,297,334,38,0.0,0,2,445
Q5D1E8,DP03010r003,112,133,22,0.0,0,2,445
P51787,DP03011r002,574,584,11,0.0,0,1,372
P40818,DP03012r002,888,898,11,0.0,0,2,139
P40818,DP03012r003,734,761,28,0.0,0,2,139
Q16821,DP03013r001,1,60,60,0.0,0,2,138
Q16821,DP03013r002,83,99,17,0.0,0,2,138
Q86XI6,DP03015r001,31,58,28,0.0,0,2,877
Q86XI6,DP03015r002,78,105,28,0.0,0,2,877
P11274,DP03016r001,622,638,17,0.0,0,2,106
P11274,DP03016r002,624,637,14,0.0,0,2,106
P35269,DP03035r004,55,92,38,0.0,0,1,544
Q96GX5,DP03037r001,855,879,25,0.0,0,1,230
Q00653,DP03039r001,702,725,24,0.0,0,1,217
Q9UBU7,DP03042r001,255,293,39,0.0,0,1,375
Q9UIF9,DP03044r001,496,519,24,0.0,0,3,37
Q9UIF9,DP03044r002,622,664,43,0.0,0,3,37
Q9UIF9,DP03044r004,1731,1797,67,0.0,0,3,37
Q58F21,DP03058r001,144,257,114,0.0,0,3,193
Q58F21,DP03058r002,144,257,114,0.0,0,3,193
Q58F21,DP03058r007,583,947,365,0.0,0,3,193
Q15059,DP03059r001,429,556,128,0.0,0,2,93
Q15059,DP03059r002,645,726,82,0.0,0,2,93
P54132,DP03061r001,1093,1106,14,0.0,0,5,83
P54132,DP03061r002,1091,1110,20,0.0,0,5,83
P54132,DP03061r003,1004,1014,11,0.0,0,5,83
P54132,DP03061r004,1092,1107,16,0.0,0,5,83
P54132,DP03061r007,1195,1207,13,0.0,0,5,83
P40692,DP03062r001,86,97,12,0.0,0,2,307
P40692,DP03062r002,301,319,19,0.0,0,2,307
Q9BRZ2,DP03063r001,1,17,17,0.0,0,1,309
Q8TEQ6,DP03070r001,1297,1412,116,0.0,0,1,65
Q92499,DP03071r001,72,85,14,0.0,0,1,321
P53420,DP03072r001,1656,1671,16,0.0,0,1,10
O60825,DP03074r001,1,30,30,0.0,0,2,558
O60825,DP03074r002,451,505,55,0.0,0,2,558
Q9H3M7,DP03075r001,300,317,18,0.0,0,1,741
P0DJI8,DP03081r001,74,85,12,0.0,0,1,1111
Q9BV68,DP03088r001,41,66,26,0.0,0,1,842
O00308,DP03092r001,662,702,41,0.0,0,1,233
P02774,DP03098r001,107,125,19,0.0,0,2,609
P02774,DP03098r002,107,127,21,0.0,0,2,609
Q14258,DP03100r001,361,433,73,0.0,0,1,414
O15344,DP03101r001,87,116,30,0.0,0,1,379
P29590,DP03104r001,94,104,11,0.0,0,1,228
P15374,DP03108r001,147,166,20,0.0,0,1,949
Q9BYI3,DP03109r001,149,253,105,0.0,0,1,538
Q6ZNA4,DP03113r001,927,937,11,0.0,0,2,176
Q6ZNA4,DP03113r002,300,386,87,0.0,0,2,176
Q86TV6,DP03114r001,343,358,16,0.0,0,4,255
Q86TV6,DP03114r002,619,686,68,0.0,0,4,255
Q86TV6,DP03114r003,197,212,16,0.0,0,4,255
Q86TV6,DP03114r004,157,166,10,0.0,0,4,255
Q6P4R8,DP03115r001,483,495,13,0.0,0,1,101
O95155,DP03116r001,1208,1227,20,0.0,0,3,100
O95155,DP03116r002,1208,1225,18,0.0,0,3,100
O95155,DP03116r003,1208,1222,15,0.0,0,3,100
P30793,DP03118r001,42,57,16,0.0,0,2,919
P30793,DP03118r002,1,42,42,0.0,0,2,919
Q9HC77,DP03120r001,311,348,38,0.0,0,2,96
Q9HC77,DP03120r002,361,422,62,0.0,0,2,96
P11686,DP03121r001,151,182,32,0.0,0,2,1014
P11686,DP03121r002,59,89,31,0.0,0,2,1014
Q14691,DP03122r001,146,196,51,0.0,0,1,1017
Q9BRX5,DP03123r001,194,216,23,0.0,0,1,975
O95835,DP03124r001,622,635,14,0.0,0,2,134
O95835,DP03124r002,361,567,207,0.0,0,2,134
O14965,DP03125r001,279,288,10,0.0,0,4,726
O14965,DP03125r002,107,127,21,0.0,0,4,726
O14965,DP03125r003,389,403,15,0.0,0,4,726
O14965,DP03125r006,279,290,12,0.0,0,4,726
Q7KZI7,DP03130r001,197,209,13,1.0,1,2,287
Q7KZI7,DP03130r002,196,211,16,1.0,1,2,287
Q96AE4,DP03131r001,347,377,31,0.0,0,1,344
Q9NPF0,DP03134r001,90,128,39,0.0,0,2,881
Q9NPF0,DP03134r002,86,128,43,0.0,0,2,881
P35680,DP03135r001,188,230,43,0.0,0,1,494
Q9BYG3,DP03141r001,226,269,44,1.0,1,1,867
Q16667,DP03142r001,1,22,22,0.0,0,2,981
Q16667,DP03142r002,201,212,12,0.0,0,2,981
P49327,DP03143r002,2344,2360,17,0.0,0,3,20
P49327,DP03143r004,2200,2220,21,0.0,0,3,20
P49327,DP03143r005,2344,2356,13,0.0,0,3,20
Q05397,DP03144r001,565,583,19,0.0,0,1,155
P29317,DP03145r001,761,777,17,0.0,0,1,181
Q86Y38,DP03147r001,232,251,20,0.0,0,1,188
P41227,DP03148r001,161,235,75,0.0,0,1,943
Q9BXJ9,DP03149r001,573,639,67,0.0,0,4,235
Q9BXJ9,DP03149r002,842,866,25,0.0,0,4,235
Q9BXJ9,DP03149r003,574,637,64,0.0,0,4,235
Q9BXJ9,DP03149r004,842,866,25,0.0,0,4,235
Q99598,DP03150r001,1,30,30,0.0,0,3,870
Q99598,DP03150r002,157,176,20,0.0,0,3,870
Q99598,DP03150r003,275,290,16,0.0,0,3,870
Q13363,DP03151r001,357,378,22,0.0,0,1,658
P42574,DP03152r001,57,66,10,0.0,0,4,852
P42574,DP03152r002,201,211,11,0.0,0,4,852
P42574,DP03152r003,165,185,21,0.0,0,4,852
P42574,DP03152r004,174,184,11,0.0,0,4,852
Q658P3,DP03153r001,1,28,28,0.0,0,1,589
P01019,DP03155r001,428,439,12,0.0,0,7,606
P01019,DP03155r002,43,54,12,0.0,0,7,606
P01019,DP03155r003,43,53,11,0.0,0,7,606
P01019,DP03155r004,427,440,14,0.0,0,7,606
P01019,DP03155r005,35,55,21,0.0,0,7,606
P01019,DP03155r006,427,441,15,0.0,0,7,606
P01019,DP03155r007,40,52,13,0.0,0,7,606
P54578,DP03158r003,484,494,11,0.0,0,1,582
Q9UBR1,DP03159r001,1,32,32,0.0,0,1,751
Q8WVQ1,DP03161r001,71,84,14,0.0,0,1,730
O00299,DP03162r001,152,162,11,0.0,0,2,915
O00299,DP03162r003,1,21,21,0.0,0,2,915
O15247,DP03163r001,55,68,14,0.0,0,1,915
Q9Y696,DP03164r002,160,173,14,0.0,0,1,915
P00519,DP03166r001,385,401,17,1.0,1,4,135
P00519,DP03168r001,1026,1045,20,0.0,0,4,135
P00519,DP03168r002,520,531,12,0.0,0,4,135
P00519,DP03168r003,138,249,112,0.0,0,4,135
Q9NQC7,DP03169r001,841,857,17,0.0,0,1,190
Q8NBZ7,DP03170r001,395,420,26,0.0,0,1,690
Q16831,DP03171r001,1,15,15,0.0,0,1,845
Q9NRN7,DP03172r001,248,263,16,0.0,0,1,846
O14727,DP03173r001,1,100,100,0.0,0,3,112
O14727,DP03173r002,1,104,104,0.0,0,3,112
O14727,DP03173r003,1,104,104,0.0,0,3,112
Q99250,DP03178r001,1777,1789,13,0.0,0,7,29
Q99250,DP03178r002,1,116,116,0.0,0,7,29
Q99250,DP03178r003,285,313,29,0.0,0,7,29
Q99250,DP03178r004,442,739,298,0.0,0,7,29
Q99250,DP03178r005,988,1190,203,0.0,0,7,29
Q99250,DP03178r006,1786,2005,220,0.0,0,7,29
Q99250,DP03178r009,1777,1787,11,0.0,0,7,29
O95391,DP03179r007,1,61,61,0.0,0,3,459
O95391,DP03179r008,197,264,68,0.0,0,3,459
O95391,DP03179r009,372,586,215,0.0,0,3,459
Q03692,DP03180r001,521,548,28,0.0,0,1,10
Q17RS7,DP03182r003,243,307,65,0.0,0,1,212
P09919,DP03184r001,157,166,10,0.0,0,1,993
O75223,DP03185r002,2,13,12,0.0,0,2,1027
O75223,DP03185r004,1,13,13,0.0,0,2,1027
P28325,DP03186r001,21,31,11,0.0,0,2,1077
P28325,DP03186r002,21,30,10,0.0,0,2,1077
P43250,DP03187r002,1,13,13,0.0,0,3,472
P43250,DP03187r003,475,491,17,0.0,0,3,472
P43250,DP03187r005,536,576,41,0.0,0,3,472
P49257,DP03190r003,176,185,10,1.0,1,1,551
P55145,DP03191r003,162,182,21,0.0,0,1,1034
Q15013,DP03192r001,36,53,18,0.0,0,2,887
Q15013,DP03192r002,97,118,22,0.0,0,2,887
Q9HAV4,DP03195r001,474,490,17,0.0,0,8,123
Q9HAV4,DP03195r002,938,951,14,0.0,0,8,123
Q9HAV4,DP03195r003,980,1009,30,0.0,0,8,123
Q9HAV4,DP03195r004,1137,1191,55,0.0,0,8,123
Q9HAV4,DP03195r005,1180,1204,25,0.0,0,8,123
Q9HAV4,DP03195r007,478,490,13,0.0,0,8,123
Q9HAV4,DP03195r008,474,490,17,0.0,0,8,123
Q9HAV4,DP03195r010,938,951,14,0.0,0,8,123
Q8N1Q8,DP03196r001,102,111,10,0.0,0,1,922
P00749,DP03199r001,21,30,10,0.0,0,2,670
P00749,DP03199r002,153,163,11,0.0,0,2,670
Q96CV9,DP03201r001,416,442,27,0.0,0,1,470
P55210,DP03203r001,197,210,14,0.0,0,3,852
P55210,DP03203r002,197,211,15,0.0,0,3,852
P55210,DP03203r003,197,210,14,0.0,0,3,852
Q16629,DP03204r001,81,98,18,0.0,0,3,936
Q16629,DP03204r003,123,176,54,0.0,0,3,936
Q16629,DP03204r004,200,217,18,0.0,0,3,936
O95696,DP03205r001,63,80,18,0.0,0,1,152
Q8IYB8,DP03206r001,47,57,11,0.0,0,4,289
Q8IYB8,DP03206r002,73,86,14,0.0,0,4,289
Q8IYB8,DP03206r003,446,456,11,0.0,0,4,289
Q8IYB8,DP03206r004,690,722,33,0.0,0,4,289
Q8IYV9,DP03207r001,257,268,12,0.0,0,2,797
Q8IYV9,DP03207r002,127,140,14,0.0,0,2,797
A6ND01,DP03209r001,111,122,12,0.0,0,2,917
A6ND01,DP03209r002,111,122,12,0.0,0,2,917
Q9BRT9,DP03211r001,1,20,20,0.0,0,1,961
O60508,DP03214r001,1,82,82,0.0,0,1,468
Q9H875,DP03215r001,1,50,50,0.0,0,2,1032
Q9H875,DP03215r002,143,184,42,0.0,0,2,1032
Q96EQ8,DP03216r001,1,32,32,0.0,0,1,948
P55265,DP03221r001,202,296,95,0.0,0,1,117
Q92783,DP03222r001,140,170,31,0.0,0,1,511
P33316,DP03223r001,1,23,23,0.0,0,1,916
P19957,DP03225r001,23,60,38,0.0,0,1,1116
P26447,DP03228r001,91,101,11,0.0,0,1,1144
P05451,DP03229r001,23,35,13,0.0,0,3,1043
P05451,DP03229r002,23,35,13,0.0,0,3,1043
P05451,DP03229r004,24,33,10,0.0,0,3,1043
P11940,DP03230r001,179,199,21,0.5714285714285714,1,3,409
P11940,DP03230r002,180,190,11,1.0,1,3,409
P11940,DP03230r008,1,10,10,0.0,0,3,409
P15498,DP03231r001,130,141,12,0.0,0,2,253
P15498,DP03231r002,565,584,20,0.0,0,2,253
Q7KZF4,DP03232r001,660,669,10,0.0,0,1,211
Q92900,DP03233r002,219,228,10,1.0,1,2,136
P49915,DP03234r001,312,321,10,0.0,0,1,358
P50148,DP03235r001,1,216,216,0.0,0,1,786
Q9UDY8,DP03236r001,469,480,12,1.0,1,3,265
Q9UDY8,DP03236r004,566,579,14,0.0,0,3,265
Q9UDY8,DP03236r006,466,481,16,0.75,1,3,265
Q9BZE9,DP03237r001,498,553,56,0.0,0,1,496
P55072,DP03238r001,1,20,20,0.0,0,5,278
P55072,DP03238r002,462,472,11,0.0,0,5,278
P55072,DP03238r003,776,806,31,0.0,0,5,278
P55072,DP03238r005,586,598,13,0.0,0,5,278
P55072,DP03238r006,1,21,21,0.0,0,5,278
P23588,DP03242r001,1,96,96,0.0,0,3,431
P23588,DP03242r002,172,611,440,0.0,0,3,431
P23588,DP03242r003,333,611,279,0.0,0,3,431
Q68D10,DP03243r001,571,604,34,0.0,0,1,366
Q9UQ35,DP03245r001,31,2752,2722,0.0,0,6,15
Q9UQ35,DP03245r004,27,2752,2726,0.0,0,6,15
Q9UQ35,DP03245r005,27,2752,2726,0.0,0,6,15
Q9UQ35,DP03245r006,27,2752,2726,0.0,0,6,15
Q9UQ35,DP03245r007,35,2752,2718,0.0,0,6,15
Q9UQ35,DP03245r009,27,2752,2726,0.0,0,6,15
O75475,DP03246r001,430,471,42,0.0,0,2,520
O75475,DP03246r002,92,135,44,0.0,0,2,520
Q9NYV4,DP03248r001,1023,1063,41,0.0,0,1,70
Q96RJ3,DP03249r001,1,19,19,0.0,0,2,1031
Q96RJ3,DP03249r002,37,184,148,0.0,0,2,1031
Q9UBW5,DP03250r001,1,37,37,0.0,0,1,485
Q8N300,DP03251r004,1,23,23,0.0,0,1,1162
P52848,DP03254r001,558,578,21,0.0,0,2,229
P52848,DP03254r002,587,600,14,0.0,0,2,229
P16035,DP03255r001,209,220,12,0.0,0,1,965
P08253,DP03256r001,450,460,11,0.0,0,1,387
P03956,DP03257r001,20,31,12,0.0,0,2,614
P03956,DP03257r002,46,57,12,0.0,0,2,614
P13674,DP03259r001,151,160,10,0.0,0,2,516
P13674,DP03259r003,151,160,10,0.0,0,2,516
O60568,DP03260r001,72,86,15,1.0,1,2,324
O60568,DP03260r002,592,605,14,0.0,0,2,324
P01009,DP03262r001,26,47,22,0.0,0,3,694
P01009,DP03262r002,25,42,18,0.0,0,3,694
P01009,DP03262r003,25,43,19,0.0,0,3,694
P21580,DP03271r001,150,160,11,0.0,0,4,284
P21580,DP03271r002,213,228,16,1.0,1,4,284
P21580,DP03271r003,152,161,10,0.0,0,4,284
P21580,DP03271r004,213,227,15,1.0,1,4,284
Q6GQQ9,DP03272r001,88,129,42,0.0,0,2,254
Q6GQQ9,DP03272r002,267,291,25,0.0,0,2,254
Q99835,DP03273r001,539,640,102,0.0,0,1,288
Q9Y4K0,DP03274r001,763,774,12,0.0,0,1,295
Q15276,DP03275r001,642,661,20,0.0,0,1,240
Q96PU8,DP03276r001,205,214,10,0.0,0,3,805
P18065,DP03278r001,312,325,14,0.0,0,1,823
Q08188,DP03279r001,463,472,10,0.0,0,2,359
Q08188,DP03279r002,463,472,10,0.0,0,2,359
P19827,DP03280r001,653,672,20,0.0,0,2,210
P19827,DP03280r002,35,44,10,0.0,0,2,210
Q2MKA7,DP03281r001,131,146,16,1.0,1,1,904
Q9UK55,DP03291r001,22,59,38,0.0,0,2,652
Q9UK55,DP03291r002,22,60,39,0.0,0,2,652
P00742,DP03292r001,90,120,31,0.5806451612903226,1,13,588
P00742,DP03292r002,90,120,31,0.5806451612903226,1,13,588
P00742,DP03292r003,90,126,37,0.4864864864864865,0,13,588
P00742,DP03292r004,90,120,31,0.5806451612903226,1,13,588
P00742,DP03292r005,90,120,31,0.5806451612903226,1,13,588
P00742,DP03292r006,90,120,31,0.5806451612903226,1,13,588
P00742,DP03292r007,90,120,31,0.5806451612903226,1,13,588
P00742,DP03292r008,90,120,31,0.5806451612903226,1,13,588
P00742,DP03292r009,90,120,31,0.5806451612903226,1,13,588
P00742,DP03292r010,90,120,31,0.5806451612903226,1,13,588
P00742,DP03292r011,90,120,31,0.5806451612903226,1,13,588
P00742,DP03292r012,90,120,31,0.5806451612903226,1,13,588
P00742,DP03292r013,90,120,31,0.5806451612903226,1,13,588
O43791,DP03293r001,357,374,18,0.0,0,2,767
O43791,DP03293r003,169,178,10,0.0,0,2,767
P02760,DP03294r001,340,352,13,0.0,0,3,791
P02760,DP03294r002,206,229,24,0.0,0,3,791
P02760,DP03294r003,191,202,12,0.0,0,3,791
Q92854,DP03295r001,649,677,29,0.0,0,1,241
P60484,DP03296r001,354,403,50,0.0,0,4,727
P60484,DP03296r002,353,403,51,0.0,0,4,727
P60484,DP03296r007,286,309,24,0.0,0,4,727
P01034,DP03297r001,27,37,11,0.0,0,2,1077
P01034,DP03297r002,27,37,11,0.0,0,2,1077
P63000,DP03298r001,182,192,11,0.0,0,3,925
P63000,DP03298r002,179,192,14,0.0,0,3,925
P63000,DP03298r003,179,192,14,0.0,0,3,925
P00734,DP03299r001,187,211,25,0.0,0,5,419
P00734,DP03299r002,298,316,19,0.0,0,5,419
P00734,DP03299r005,90,110,21,0.0,0,5,419
P00734,DP03299r007,187,211,25,0.0,0,5,419
P00734,DP03299r008,301,316,16,0.0,0,5,419
P31749,DP03300r001,114,144,31,0.0,0,1,598
P09237,DP03301r001,18,28,11,0.0,0,4,387
P09237,DP03301r002,90,99,10,1.0,1,4,387
P09237,DP03301r003,256,267,12,0.0,0,4,387
P09237,DP03301r005,21,40,20,0.0,0,4,387
Q8IW75,DP03303r001,367,377,11,0.0,0,1,709
P36952,DP03304r001,332,343,12,0.0,0,1,765
Q02297,DP03306r001,226,239,14,0.0,0,5,401
Q02297,DP03306r002,229,241,13,0.0,0,5,401
Q9UMD9,DP03307r001,2,455,454,1.0,1,1,68
Q96MS0,DP03308r001,654,667,14,0.0,0,1,87
O60486,DP03309r001,642,659,18,0.0,0,1,61
P00740,DP03311r001,47,93,47,0.23404255319148937,0,2,588
P00740,DP03311r005,47,57,11,1.0,1,2,588
P10619,DP03312r001,288,327,40,0.0,0,1,599
P00488,DP03313r001,2,38,37,0.0,0,2,331
P00488,DP03313r003,2,38,37,0.0,0,2,331
Q06141,DP03314r001,27,36,10,0.0,0,3,1043
Q06141,DP03314r002,27,36,10,0.0,0,3,1043
Q06141,DP03314r005,27,37,11,0.0,0,3,1043
Q13316,DP03323r001,17,217,201,0.0,0,8,547
Q13316,DP03323r002,218,513,296,0.0,0,8,547
Q13316,DP03323r003,17,217,201,0.0,0,8,547
Q13316,DP03323r004,218,513,296,0.0,0,8,547
Q13316,DP03323r005,17,217,201,0.0,0,8,547
Q13316,DP03323r006,218,513,296,0.0,0,8,547
Q13316,DP03323r009,17,217,201,0.0,0,8,547
Q13316,DP03323r010,218,513,296,0.0,0,8,547
P35052,DP03324r002,350,361,12,0.0,0,1,491
Q9HCB6,DP03343r001,29,38,10,0.0,0,3,277
Q9HCB6,DP03343r002,185,198,14,0.0,0,3,277
Q9HCB6,DP03343r003,29,43,15,0.0,0,3,277
P36955,DP03344r001,21,35,15,0.0,0,1,695
O00214,DP03345r001,154,175,22,0.0,0,1,829
Q5T1C6,DP03348r001,81,106,26,0.0,0,1,931
P23677,DP03351r002,187,196,10,0.0,0,2,626
P23677,DP03351r003,187,196,10,0.0,0,2,626
P05546,DP03353r001,20,79,60,0.0,0,2,571
P05546,DP03353r002,91,113,23,0.0,0,2,571
Q92743,DP03358r001,94,106,13,0.0,0,2,601
Q92743,DP03358r002,301,313,13,1.0,1,2,601
Q15582,DP03364r001,24,42,19,0.0,0,3,368
Q15582,DP03364r002,636,657,22,0.0,0,3,368
Q15582,DP03364r003,638,683,46,0.0,0,3,368
P27469,DP03365r001,1,103,103,0.0,0,3,1136
P27469,DP03365r002,1,103,103,0.0,0,3,1136
P27469,DP03365r003,1,103,103,0.0,0,3,1136
P53778,DP03366r001,354,367,14,0.0,0,1,622
O15391,DP03369r001,1,253,253,0.0,0,4,707
O15391,DP03369r002,1,253,253,0.0,0,4,707
O15391,DP03369r003,1,253,253,0.0,0,4,707
O15391,DP03369r004,1,372,372,0.0,0,4,707
P04554,DP03372r001,46,102,57,1.0,1,1,1140
P20849,DP03378r001,24,41,18,0.0,0,1,202
Q14766,DP03379r001,1507,1522,16,0.0,0,3,49
Q14766,DP03379r002,1582,1623,42,0.0,0,3,49
Q14766,DP03379r003,1709,1721,13,0.0,0,3,49
P83110,DP03380r001,279,289,11,0.0,0,1,601
P98066,DP03382r001,250,277,28,0.0,0,1,885
Q8WVM7,DP03383r001,1,85,85,0.0,0,4,108
Q8WVM7,DP03383r002,1053,1258,206,0.0,0,4,108
Q8WVM7,DP03383r003,442,457,16,0.0,0,4,108
Q8WVM7,DP03383r004,843,853,11,0.0,0,4,108
P20592,DP03385r002,599,621,23,0.0,0,2,341
P20592,DP03385r003,1,92,92,0.0,0,2,341
Q9Y237,DP03386r001,1,59,59,0.0,0,2,1098
Q9Y237,DP03387r001,1,35,35,0.0,0,2,1098
Q9UBT3,DP03389r001,19,38,20,0.0,0,2,960
Q9UBT3,DP03389r002,94,140,47,0.0,0,2,960
O60493,DP03394r001,2,28,27,0.0,0,2,1061
O60493,DP03394r002,146,162,17,0.0,0,2,1061
P13051,DP03397r001,1,92,92,0.0,0,1,840
P60484,DP03399r001,1,145,145,0.0,0,4,727
Q9H4L7,DP03400r001,109,150,42,0.0,0,2,169
Q9H4L7,DP03400r002,200,250,51,0.0,0,2,169
Q8WXS3,DP03403r001,1,180,180,0.0,0,1,1079
P56211,DP03404r001,1,112,112,0.30357142857142855,0,8,1124
P56211,DP03404r002,1,112,112,0.30357142857142855,0,8,1124
P56211,DP03404r011,86,112,27,1.0,1,8,1124
P56211,DP03404r012,42,75,34,1.0,1,8,1124
P56211,DP03404r014,1,41,41,0.0,0,8,1124
P56211,DP03404r015,76,85,10,0.0,0,8,1124
P56211,DP03404r022,20,112,93,0.3655913978494624,0,8,1124
P56211,DP03405r001,1,96,96,0.3541666666666667,0,8,1124
P51397,DP03407r001,1,102,102,0.0,0,1,1141
P10997,DP03417r001,23,33,11,1.0,1,4,1152
P10997,DP03417r002,62,71,10,1.0,1,4,1152
P10997,DP03417r003,23,89,67,1.0,1,4,1152
P10997,DP03417r006,74,89,16,1.0,1,4,1152
Q96PU8,DP03418r001,205,319,115,0.0,0,3,805
Q96PU8,DP03418r002,205,319,115,0.0,0,3,805
P80303,DP03424r001,190,420,231,0.11255411255411256,0,1,689
P25024,DP03426r001,1,28,28,1.0,1,3,795
P25024,DP03426r002,326,350,25,0.0,0,3,795
P25024,DP03426r004,1,29,29,1.0,1,3,795
P31327,DP03427r001,779,792,14,1.0,1,2,27
P31327,DP03427r008,562,623,62,1.0,1,2,27
P40763,DP03428r001,690,722,33,0.0,0,2,298
P40763,DP03428r002,689,702,14,0.0,0,2,298
Q13153,DP03433r001,492,545,54,0.0,0,5,505
Q13153,DP03433r002,1,56,56,0.0,0,5,505
Q13153,DP03433r012,83,137,55,0.0,0,5,505
Q13153,DP03433r013,83,137,55,0.0,0,5,505
Q13153,DP03433r017,150,248,99,0.0,0,5,505
Q9UPP1,DP03444r002,101,113,13,0.0,0,1,151
Q9NR48,DP03446r001,2090,2107,18,0.0,0,2,9
Q9NR48,DP03446r008,2261,2284,24,0.0,0,2,9
Q13177,DP03447r008,1,17,17,0.0,0,5,505
Q13177,DP03447r009,1,76,76,0.07894736842105263,0,5,505
Q13177,DP03447r010,144,227,84,0.0,0,5,505
Q13177,DP03447r011,78,147,70,0.22857142857142856,0,5,505
Q13177,DP03447r012,390,403,14,0.0,0,5,505
P56524,DP03448r001,130,153,24,0.0,0,2,147
P56524,DP03448r002,729,760,32,0.0,0,2,147
P21675,DP03451r001,1626,1638,13,0.0,0,2,39
P21675,DP03451r002,972,1053,82,0.0,0,2,39
Q6P1X5,DP03452r001,977,1199,223,0.0,0,1,124
P51513,DP03453r001,125,143,19,0.0,0,1,556
Q9UBP0,DP03454r001,228,323,96,0.0,0,2,428
Q9UBP0,DP03454r004,229,322,94,0.0,0,2,428
O00189,DP03455r001,160,184,25,0.0,0,3,637
O00189,DP03455r002,384,399,16,0.0,0,3,637
O00189,DP03455r003,384,399,16,0.0,0,3,637
P27635,DP03456r001,95,123,29,0.0,0,1,977
Q15542,DP03459r001,381,416,36,0.0,0,2,280
Q15542,DP03459r002,194,206,13,0.0,0,2,280
Q9GZZ9,DP03487r001,325,404,80,0.2625,0,1,725
P43026,DP03488r001,382,396,15,0.0,0,1,568
P18075,DP03490r001,293,327,35,0.0,0,1,671
P27361,DP03497r001,1,23,23,0.0,0,1,273
Q04637,DP03499r001,1428,1437,10,0.0,0,8,57
Q04637,DP03499r003,1080,1234,155,0.0,0,8,57
P49753,DP03510r001,46,56,11,0.0,0,2,595
P49753,DP03510r002,473,483,11,0.0,0,2,595
P18827,DP03512r001,23,254,232,0.0,0,6,844
P18827,DP03512r002,23,254,232,0.0,0,6,844
P18827,DP03512r003,23,254,232,0.0,0,6,844
P18827,DP03512r004,23,254,232,0.0,0,6,844
P18827,DP03512r005,23,254,232,0.0,0,6,844
P18827,DP03512r006,23,254,232,0.0,0,6,844
P34741,DP03513r001,19,144,126,0.0,0,6,1004
P34741,DP03513r002,19,144,126,0.0,0,6,1004
P34741,DP03513r003,19,144,126,0.0,0,6,1004
P34741,DP03513r004,19,144,126,0.0,0,6,1004
P34741,DP03513r005,19,144,126,0.0,0,6,1004
P34741,DP03513r006,19,144,126,0.0,0,6,1004
O75056,DP03514r001,47,387,341,0.0,0,6,655
O75056,DP03514r002,47,387,341,0.0,0,6,655
O75056,DP03514r003,47,387,341,0.0,0,6,655
O75056,DP03514r004,47,387,341,0.0,0,6,655
O75056,DP03514r005,47,387,341,0.0,0,6,655
O75056,DP03514r006,47,387,341,0.0,0,6,655
P31431,DP03515r001,19,153,135,0.0,0,7,1012
P31431,DP03515r002,19,153,135,0.0,0,7,1012
P31431,DP03515r003,19,153,135,0.0,0,7,1012
P31431,DP03515r004,19,153,135,0.0,0,7,1012
P31431,DP03515r005,19,153,135,0.0,0,7,1012
P31431,DP03515r006,19,153,135,0.0,0,7,1012
Q9NP98,DP03529r005,1,174,174,0.0,0,7,860
Q9NP98,DP03529r006,92,299,208,0.0,0,7,860
Q9NP98,DP03529r007,1,174,174,0.0,0,7,860
Q9NP98,DP03529r008,92,299,208,0.0,0,7,860
Q9NP98,DP03529r009,1,174,174,0.0,0,7,860
Q9NP98,DP03529r010,92,299,208,0.0,0,7,860
Q9NP98,DP03529r020,200,215,16,0.0,0,7,860
P49789,DP03531r001,107,127,21,0.0,0,1,1074
Q68J44,DP03532r001,2,31,30,0.0,0,2,967
Q68J44,DP03532r002,207,220,14,0.0,0,2,967
O95147,DP03533r001,2,23,22,0.0,0,1,1011
P10636,DP03552r001,1,352,352,0.0,0,8,306
O94829,DP03553r001,1,18,18,0.0,0,2,184
O94829,DP03553r002,656,673,18,0.0,0,2,184
Q9UKK9,DP03554r001,1,13,13,0.0,0,1,968
P35813,DP03556r001,369,382,14,0.0,0,1,753
Q96C86,DP03588r001,1,37,37,0.0,0,1,811
P47897,DP03589r001,183,216,34,0.0,0,1,294
P50579,DP03594r001,1,109,109,0.0,0,2,604
P50579,DP03594r002,139,152,14,0.0,0,2,604
Q9NZD4,DP03619r001,92,102,11,0.0,0,1,1142
Q12962,DP03622r001,178,191,14,0.0,0,4,971
Q12962,DP03622r003,1,112,112,0.0,0,4,971
Q12962,DP03622r004,178,191,14,0.0,0,4,971
Q12962,DP03622r005,209,218,10,0.0,0,4,971
Q6ZMT4,DP03624r001,1,31,31,0.0,0,1,195
O15054,DP03626r001,1141,1176,36,0.0,0,4,56
O15054,DP03626r002,1293,1322,30,0.0,0,4,56
O15054,DP03626r003,1141,1157,17,0.0,0,4,56
O15054,DP03626r004,1292,1323,32,0.0,0,4,56
O15550,DP03627r001,1048,1077,30,0.0,0,2,85
O15550,DP03627r002,1051,1077,27,0.0,0,2,85
P52732,DP03628r001,1,15,15,0.0,0,7,153
P52732,DP03628r004,1,16,16,0.0,0,7,153
P52732,DP03628r005,272,286,15,0.0,0,7,153
P52732,DP03628r006,272,286,15,0.0,0,7,153
P52732,DP03628r007,108,126,19,0.0,0,7,153
P52732,DP03628r008,270,287,18,0.0,0,7,153
P52732,DP03628r011,1,14,14,0.0,0,7,153
P07197,DP03630r001,790,916,127,0.0,0,3,206
P07197,DP03630r002,790,916,127,0.0,0,3,206
P07197,DP03630r003,790,916,127,0.0,0,3,206
Q92784,DP03634r004,60,200,141,0.0,0,5,740
Q92784,DP03634r005,222,259,38,0.0,0,5,740
Q92784,DP03634r006,293,357,65,0.0,0,5,740
P81605,DP03635r001,77,87,11,1.0,1,3,1127
P81605,DP03635r002,63,87,25,1.0,1,3,1127
P81605,DP03635r007,63,110,48,1.0,1,3,1127
Q8NC51,DP03637r001,149,288,140,0.0,0,2,720
Q8NC51,DP03637r002,300,400,101,0.0,0,2,720
Q9Y4D1,DP03645r001,654,682,29,0.0,0,1,148
Q9UQ80,DP03649r001,363,394,32,0.0,0,1,738
Q01484,DP03650r001,1113,1122,10,0.0,0,6,4
Q01484,DP03650r004,1457,1476,20,0.0,0,6,4
Q01484,DP03650r005,817,873,57,0.0,0,6,4
Q01484,DP03650r006,846,873,28,0.0,0,6,4
Q01484,DP03650r007,683,693,11,0.0,0,6,4
Q01484,DP03650r008,1243,1255,13,0.0,0,6,4
P63104,DP03654r001,234,245,12,0.0,0,1,923
Q14318,DP03659r001,1,32,32,0.0,0,4,712
Q14318,DP03659r006,1,34,34,0.0,0,4,712
Q14318,DP03659r007,151,165,15,0.0,0,4,712
Q14318,DP03659r009,357,380,24,0.0,0,4,712
A0A5F9ZHA1,DP03660r001,1403,1430,28,0.0,0,6,4
A0A5F9ZHA1,DP03660r004,1059,1068,10,0.0,0,6,4
A0A5F9ZHA1,DP03660r005,796,852,57,0.0,0,6,4
A0A5F9ZHA1,DP03660r006,662,672,11,0.0,0,6,4
A0A5F9ZHA1,DP03660r007,825,852,28,0.0,0,6,4
A0A5F9ZHA1,DP03660r008,1189,1201,13,0.0,0,6,4
Q9BY41,DP03661r001,1,12,12,0.0,0,1,596
Q12983,DP03666r001,146,158,13,0.0,0,1,1022
Q4LE39,DP03669r001,110,151,42,0.0,0,1,98
P56962,DP03670r001,142,228,87,1.0,1,5,853
P56962,DP03670r002,142,228,87,1.0,1,5,853
P56962,DP03670r004,94,121,28,0.0,0,5,853
P56962,DP03670r009,142,167,26,1.0,1,5,853
P56962,DP03670r013,142,228,87,1.0,1,5,853
Q8TDY2,DP03671r001,1543,1552,10,0.0,0,1,58
O95197,DP03672r001,1,27,27,0.0,0,4,166
O95197,DP03672r002,1,27,27,0.0,0,4,166
O95197,DP03672r003,988,1032,45,0.0,0,4,166
O95197,DP03672r004,988,1032,45,0.0,0,4,166
P49023,DP03680r001,1,20,20,0.0,0,3,456
P49023,DP03680r002,213,232,20,0.0,0,3,456
P49023,DP03680r003,296,315,20,0.0,0,3,456
P55285,DP03681r001,592,607,16,0.0,0,1,285
Q13043,DP03682r001,326,401,76,0.0,0,2,586
Q13043,DP03682r002,326,401,76,0.0,0,2,586
Q13137,DP03683r001,365,413,49,0.0,0,3,648
Q13137,DP03683r002,127,141,15,0.0,0,3,648
Q13137,DP03683r007,127,141,15,0.0,0,3,648
O00410,DP03687r001,1,21,21,0.0,0,2,143
O00410,DP03687r002,316,329,14,0.0,0,2,143
Q6DD88,DP03688r001,1,21,21,0.0,0,1,508
P30518,DP03690r001,343,371,29,0.0,0,3,771
P30518,DP03690r002,343,371,29,0.0,0,3,771
P30518,DP03690r003,343,371,29,0.0,0,3,771
Q92847,DP03691r001,339,366,28,0.0,0,3,774
Q92847,DP03691r002,339,366,28,0.0,0,3,774
Q92847,DP03691r003,339,366,28,0.0,0,3,774
P07550,DP03692r001,342,413,72,0.0,0,3,710
P07550,DP03692r002,342,413,72,0.0,0,3,710
P07550,DP03692r003,342,413,72,0.0,0,3,710
P01732,DP03693r001,128,182,55,0.0,0,2,942
P01732,DP03693r002,128,182,55,0.0,0,2,942
Q8IY63,DP03694r001,178,384,207,0.0,0,2,189
Q8IY63,DP03694r002,178,384,207,0.0,0,2,189
Q07820,DP03697r001,192,201,10,0.0,0,3,796
Q07820,DP03697r002,192,201,10,0.0,0,3,796
Q07820,DP03697r003,193,203,11,0.0,0,3,796
Q9H9R9,DP03700r001,1,158,158,0.0,0,1,1065
Q9HBA0,DP03701r001,2,148,147,0.0,0,2,232
Q9HBA0,DP03701r003,1,134,134,0.0,0,2,232
Q8N660,DP03703r001,174,247,74,0.0,0,5,377
Q8N660,DP03703r002,338,552,215,0.0,0,5,377
Q8N660,DP03703r003,338,412,75,0.0,0,5,377
Q8N660,DP03703r004,401,487,87,0.0,0,5,377
Q8N660,DP03703r005,478,552,75,0.0,0,5,377
A0A1B0GTR3,DP03704r001,1,108,108,0.0,0,1,1132
Q13480,DP03706r001,613,694,82,0.0,0,4,357
Q13480,DP03706r002,613,694,82,0.0,0,4,357
Q13480,DP03706r003,613,694,82,0.0,0,4,357
Q13480,DP03706r005,117,694,578,0.0,0,4,357
P17706,DP03707r001,303,387,85,0.0,0,2,704
P17706,DP03707r002,303,387,85,0.0,0,2,704
O96018,DP03709r001,1,214,214,0.0,0,4,475
O96018,DP03709r002,1,214,214,0.0,0,4,475
O96018,DP03709r003,1,214,214,0.0,0,4,475
O96018,DP03709r004,1,214,214,0.0,0,4,475
Q8NEB9,DP03710r001,422,469,48,0.0,0,7,227
Q8NEB9,DP03710r002,873,887,15,0.0,0,7,227
Q8NEB9,DP03710r003,246,260,15,0.0,0,7,227
Q8NEB9,DP03710r004,418,470,53,0.0,0,7,227
Q8NEB9,DP03710r005,872,887,16,0.0,0,7,227
Q8NEB9,DP03710r006,418,434,17,0.0,0,7,227
Q8NEB9,DP03710r007,452,469,18,0.0,0,7,227
Q9BXW4,DP03711r001,1,12,12,0.0,0,1,1076
Q99623,DP03712r001,246,265,20,0.0,0,1,858
Q9H0E2,DP03713r001,1,53,53,0.41509433962264153,0,4,888
Q9H0E2,DP03713r002,1,53,53,0.41509433962264153,0,4,888
Q9H0E2,DP03713r004,23,53,31,0.0,0,4,888
Q9H0E2,DP03713r005,1,22,22,1.0,1,4,888
O15392,DP03719r001,1,10,10,0.0,0,2,1082
O15392,DP03719r002,1,99,99,0.0,0,2,1082
P40939,DP03726r001,637,647,11,0.0,0,1,303
Q8IYT8,DP03729r001,168,177,10,0.0,0,1,165
Q13627,DP03730r001,481,490,10,0.0,0,2,305
Q13627,DP03730r005,481,490,10,0.0,0,2,305
Q9UHK0,DP03731r001,486,495,10,0.0,0,1,579
Q8NER1,DP03732r001,2,100,99,0.0,0,1,232
Q9Y5S1,DP03733r001,2,73,72,0.0,0,1,232
Q8NET8,DP03734r001,2,119,118,0.0,0,1,232
Q8NE35,DP03737r001,1,426,426,0.0,0,3,353
Q8NE35,DP03737r002,1,426,426,0.0,0,3,353
Q8NE35,DP03737r003,1,426,426,0.0,0,3,353
P24588,DP03739r001,300,427,128,0.0,0,2,676
P24588,DP03739r002,300,427,128,0.0,0,2,676
Q96QZ7,DP03743r001,555,580,26,0.0,0,1,69
Q92871,DP03749r001,1,11,11,0.0,0,1,906
A0A090N8E9,DP03755r001,735,751,17,0.0,0,1,312
P36888,DP03756r001,762,782,21,0.0,0,2,177
P36888,DP03756r002,948,958,11,0.0,0,2,177
Q96ST2,DP03758r006,352,548,197,0.0,0,2,272
Q96ST2,DP03758r007,352,548,197,0.0,0,2,272
Q15858,DP03805r001,417,725,309,0.0,0,4,29
Q15858,DP03805r002,973,1174,202,0.0,0,4,29
Q15858,DP03805r005,1,113,113,0.0,0,4,29
Q15858,DP03805r006,1769,1988,220,0.0,0,4,29
A8K2U0,DP03807r001,634,668,35,0.0,0,2,74
A8K2U0,DP03807r002,696,726,31,0.0,0,2,74
Q00266,DP03811r001,1,13,13,0.0,0,1,736
Q9BU02,DP03814r001,215,230,16,0.0,0,1,950
Q99986,DP03816r001,1,20,20,0.0,0,3,734
Q99986,DP03816r002,343,364,22,0.0,0,3,734
Q99986,DP03816r004,342,364,23,0.0,0,3,734
P42658,DP03817r001,117,126,10,0.0,0,2,236
P42658,DP03817r002,850,865,16,0.0,0,2,236
P26196,DP03820r001,81,93,13,0.0,0,1,594
Q9UL18,DP03821r001,1,21,21,0.0,0,3,245
Q9UL18,DP03821r002,113,126,14,0.0,0,3,245
Q9UL18,DP03821r003,819,834,16,0.0,0,3,245
P78563,DP03822r001,462,473,12,1.0,1,3,320
P78563,DP03822r002,299,316,18,0.0,0,3,320
P78563,DP03822r006,215,233,19,0.0,0,3,320
P55011,DP03823r001,1,283,283,0.0,0,4,121
P55011,DP03823r002,1,285,285,0.0,0,4,121
P55011,DP03823r003,1,286,286,0.0,0,4,121
P55011,DP03823r004,557,572,16,0.0,0,4,121
P15056,DP03825r001,600,611,12,0.0,0,8,299
P15056,DP03825r003,601,613,13,0.0,0,8,299
P15056,DP03825r004,597,613,17,0.0,0,8,299
P15056,DP03825r005,600,610,11,0.0,0,8,299
P15056,DP03825r006,601,614,14,0.0,0,8,299
P15056,DP03825r007,601,611,11,0.0,0,8,299
P15056,DP03825r008,432,447,16,0.0,0,8,299
P15056,DP03825r009,432,447,16,0.0,0,8,299
Q00534,DP03829r001,1,11,11,0.0,0,6,821
Q00534,DP03829r002,46,55,10,0.0,0,6,821
Q00534,DP03829r003,167,180,14,0.0,0,6,821
Q00534,DP03829r004,45,56,12,0.0,0,6,821
Q00534,DP03829r005,168,181,14,0.0,0,6,821
Q00534,DP03829r006,1,10,10,0.0,0,6,821
Q9Y5P4,DP03830r001,344,361,18,0.0,0,4,418
Q9Y5P4,DP03830r002,344,362,19,0.0,0,4,418
Q9Y5P4,DP03830r003,187,218,32,0.0,0,4,418
Q9Y5P4,DP03830r004,300,381,82,0.0,0,4,418
Q16740,DP03832r001,57,72,16,0.0,0,2,886
Q16740,DP03832r002,250,277,28,0.0,0,2,886
Q9H9E3,DP03833r001,525,536,12,0.0,0,1,291
A4D126,DP03834r001,319,334,16,0.0,0,1,640
P14868,DP03835r001,224,247,24,0.0,0,4,567
P14868,DP03835r002,1,20,20,0.0,0,4,567
P14868,DP03835r003,273,282,10,0.0,0,4,567
P14868,DP03835r004,163,172,10,0.0,0,4,567
Q6PI48,DP03836r001,631,645,15,0.0,0,1,399
P49366,DP03837r001,76,92,17,0.0,0,3,772
P49366,DP03837r002,1,27,27,0.0,0,3,772
P49366,DP03837r003,1,12,12,0.0,0,3,772
O00548,DP03838r001,443,551,109,0.0,0,1,339
Q92785,DP03839r001,235,249,15,0.0,0,1,740
P07814,DP03841r001,1003,1014,12,0.0,0,5,64
P07814,DP03841r002,1464,1473,10,0.0,0,5,64
P07814,DP03841r003,998,1015,18,0.0,0,5,64
P07814,DP03841r004,1464,1473,10,0.0,0,5,64
P07814,DP03841r005,1001,1014,14,0.0,0,5,64
P37268,DP03842r001,315,327,13,0.0,0,1,700
Q9BYC5,DP03843r001,68,107,40,0.0,0,2,476
Q9BYC5,DP03843r002,41,107,67,0.0,0,2,476
P07902,DP03845r001,1,21,21,0.0,0,3,758
P07902,DP03845r002,49,63,15,0.0,0,3,758
P07902,DP03845r004,367,379,13,0.0,0,3,758
O94925,DP03847r001,71,135,65,0.0,0,4,378
O94925,DP03847r005,72,135,64,0.0,0,4,378
O94925,DP03847r006,646,669,24,0.0,0,4,378
O94925,DP03847r007,72,136,65,0.0,0,4,378
Q9NQX3,DP03848r001,1,12,12,0.0,0,1,328
P00492,DP03849r001,104,123,20,0.0,0,4,970
P00492,DP03849r002,104,113,10,0.0,0,4,970
P00492,DP03849r003,103,119,17,0.0,0,4,970
P00492,DP03849r004,102,121,20,0.0,0,4,970
P14678,DP03851r001,90,229,140,0.0,0,5,929
P14678,DP03851r002,50,62,13,0.0,0,5,929
P14678,DP03851r003,92,240,149,0.0,0,5,929
P14678,DP03851r004,88,174,87,0.0,0,5,929
P14678,DP03851r005,46,64,19,0.0,0,5,929
Q99714,DP03854r001,95,113,19,0.0,0,2,908
Q99714,DP03854r002,208,228,21,0.0,0,2,908
P35475,DP03856r002,643,653,11,0.0,0,1,393
P05019,DP03857r001,70,90,21,0.0,0,1,1019
Q2M1P5,DP03859r001,349,543,195,0.0,0,4,95
Q2M1P5,DP03859r002,349,398,50,0.0,0,4,95
Q2M1P5,DP03859r003,261,273,13,0.0,0,4,95
Q2M1P5,DP03859r004,230,241,12,0.0,0,4,95
P01116,DP03860r001,174,189,16,0.0,0,3,995
P01116,DP03860r002,167,189,23,0.0,0,3,995
P01116,DP03860r003,60,70,11,0.0,0,3,995
P36776,DP03861r001,1,122,122,0.0,0,2,187
P36776,DP03861r002,222,271,50,0.0,0,2,187
P21397,DP03862r001,465,527,63,0.0,0,3,525
P21397,DP03862r002,1,11,11,0.0,0,3,525
P21397,DP03862r003,507,527,21,0.0,0,3,525
O43318,DP03863r001,66,80,15,0.0,0,2,437
O43318,DP03863r002,178,190,13,0.0,0,2,437
P28482,DP03864r001,1,15,15,0.0,0,2,273
P28482,DP03864r002,175,189,15,0.0,0,2,273
O95822,DP03865r001,344,371,28,0.0,0,1,583
Q8IVH4,DP03866r001,182,197,16,0.0,0,2,697
Q8IVH4,DP03866r002,268,279,12,0.0,0,2,697
Q9Y4U1,DP03867r001,231,282,52,0.0,0,1,882
Q9H3L0,DP03868r001,108,133,26,0.0,0,2,863
Q9H3L0,DP03868r002,108,132,25,0.0,0,2,863
P22033,DP03869r001,12,35,24,0.0,0,2,313
P22033,DP03869r002,12,26,15,0.0,0,2,313
O75970,DP03872r001,1171,1183,13,0.0,0,1,28
P42898,DP03873r001,161,171,11,0.0,0,1,389
P42345,DP03874r001,290,355,66,0.0,0,5,18
P42345,DP03874r002,904,926,23,0.0,0,5,18
P42345,DP03874r003,1239,1262,24,0.0,0,5,18
P42345,DP03874r004,1811,1872,62,0.0,0,5,18
P42345,DP03874r005,2434,2491,58,0.0,0,5,18
Q92913,DP03875r001,159,192,34,0.0,0,3,924
Q92913,DP03875r002,159,192,34,0.0,0,3,924
Q9UBK8,DP03876r001,165,216,52,0.0,0,3,354
Q9UBK8,DP03876r002,258,271,14,0.0,0,3,354
Q9UBK8,DP03876r003,502,515,14,0.0,0,3,354
O43776,DP03877r001,98,110,13,0.0,0,1,502
Q15233,DP03878r001,54,65,12,0.0,0,2,613
Q15233,DP03878r002,53,65,13,0.0,0,2,613
O15118,DP03881r001,605,620,16,0.0,0,9,104
O15118,DP03881r002,374,383,10,0.0,0,9,104
O15118,DP03881r004,288,333,46,0.0,0,9,104
O15118,DP03881r005,797,813,17,0.0,0,9,104
O15118,DP03881r006,1256,1278,23,0.0,0,9,104
O15118,DP03881r007,289,329,41,0.0,0,9,104
O15118,DP03881r008,773,803,31,0.0,0,9,104
O15118,DP03881r009,960,983,24,0.0,0,9,104
O15118,DP03881r010,1252,1278,27,0.0,0,9,104
P01111,DP03882r001,59,70,12,0.0,0,1,995
O96028,DP03884r001,661,986,326,0.0,0,2,91
O96028,DP03884r002,1206,1365,160,0.0,0,2,91
P49902,DP03885r001,489,536,48,0.0,0,5,489
P49902,DP03885r002,399,419,21,0.0,0,5,489
P49902,DP03885r003,1,23,23,1.0,1,5,489
P49902,DP03885r004,489,561,73,0.0,0,5,489
P49902,DP03885r005,403,419,17,0.0,0,5,489
P61956,DP03888r001,1,14,14,0.0,0,1,1145
Q16625,DP03889r001,383,415,33,0.0,0,1,532
Q01968,DP03890r002,697,729,33,0.0,0,1,216
O15294,DP03891r005,757,771,15,0.0,0,3,160
P00439,DP03892r003,1,20,20,0.0,0,1,638
O75151,DP03894r001,60,79,20,0.0,0,1,144
Q13635,DP03896r001,1,75,75,0.0,0,5,78
Q13635,DP03896r002,608,730,123,0.0,0,5,78
Q13635,DP03896r003,888,901,14,0.0,0,5,78
Q13635,DP03896r004,1177,1447,271,0.0,0,5,78
Q13635,DP03896r008,614,728,115,0.0,0,5,78
Q9UII6,DP03897r001,1,24,24,0.0,0,1,967
Q8TDP1,DP03907r001,1,13,13,0.0,0,3,1059
Q8TDP1,DP03907r002,87,117,31,0.0,0,3,1059
Q8TDP1,DP03907r003,93,107,15,0.0,0,3,1059
P84243,DP03908r001,1,38,38,0.0,0,1,1089
Q14011,DP03917r001,90,172,83,0.0,0,1,1049
O15151,DP03919r001,181,300,120,0.0,0,3,587
O15151,DP03919r002,181,300,120,0.0,0,3,587
O15151,DP03919r003,181,300,120,0.0,0,3,587
Q13586,DP03922r001,395,404,10,0.0,0,1,365
P78352,DP03924r001,1,71,71,0.0,0,1,337
P81274,DP03926r001,355,421,67,0.0,0,2,367
P81274,DP03926r002,275,421,147,0.0,0,2,367
Q7RTN6,DP03928r001,292,347,56,0.0,0,3,673
Q7RTN6,DP03928r002,300,347,48,0.0,0,3,673
Q7RTN6,DP03928r003,402,424,23,0.0,0,3,673
Q9NRI5,DP03931r001,718,771,54,0.0,0,1,247
P29353,DP03938r001,1,41,41,0.0,0,3,464
P29353,DP03938r002,192,207,16,0.0,0,3,464
P29353,DP03938r003,17,34,18,0.0,0,3,464
P19525,DP03944r001,229,255,27,0.0,0,6,498
P19525,DP03944r002,337,355,19,0.0,0,6,498
P19525,DP03944r003,441,451,11,0.0,0,6,498
P19525,DP03944r004,542,551,10,0.0,0,6,498
P19525,DP03944r005,170,251,82,0.0,0,6,498
P19525,DP03944r007,80,100,21,0.0,0,6,498
Q16620,DP03945r001,385,426,42,0.0,0,1,268
Q9Y6K1,DP03946r001,831,846,16,1.0,1,2,208
Q9Y6K1,DP03946r002,455,473,19,0.0,0,2,208
O15294,DP03949r004,747,760,14,0.0,0,3,160
O15294,DP03949r005,1,78,78,0.0,0,3,160
Q13224,DP03952r001,1,33,33,0.0,0,4,71
Q13224,DP03952r002,201,212,12,0.0,0,4,71
Q13224,DP03952r003,393,402,10,0.0,0,4,71
Q13224,DP03952r004,580,599,20,0.0,0,4,71
P43034,DP03953r002,298,307,10,0.0,0,1,716
P33897,DP03955r001,2,63,62,0.0,0,4,316
P33897,DP03955r002,437,461,25,0.0,0,4,316
P33897,DP03955r003,353,375,23,0.0,0,4,316
P33897,DP03955r004,684,745,62,0.0,0,4,316
O14678,DP03956r001,2,12,11,0.0,0,2,436
O14678,DP03956r002,357,383,27,0.0,0,2,436
P60709,DP03957r001,33,78,46,0.0,0,1,766
O96019,DP03958r001,45,67,23,0.0,0,8,674
O96019,DP03958r002,216,245,30,0.0,0,8,674
O96019,DP03958r003,312,322,11,0.0,0,8,674
O96019,DP03958r004,1,11,11,0.0,0,8,674
O96019,DP03958r005,45,67,23,0.0,0,8,674
O96019,DP03958r006,216,245,30,0.0,0,8,674
O96019,DP03958r007,312,322,11,0.0,0,8,674
O96019,DP03958r008,418,429,12,0.0,0,8,674
Q9Y653,DP03959r001,549,559,11,0.0,0,2,360
Q9Y653,DP03959r002,664,693,30,0.0,0,2,360
P55263,DP03960r001,348,362,15,0.0,0,1,780
Q9NX46,DP03961r001,1,13,13,0.0,0,2,779
Q9NX46,DP03961r002,60,69,10,0.0,0,2,779
P30566,DP03962r001,283,294,12,0.0,0,2,592
P30566,DP03962r002,475,484,10,0.0,0,2,592
O95831,DP03963r001,78,125,48,0.0,0,8,430
O95831,DP03963r002,511,559,49,0.0,0,8,430
O95831,DP03963r003,545,556,12,0.0,0,8,430
O95831,DP03963r004,78,121,44,0.0,0,8,430
O95831,DP03963r005,546,558,13,0.0,0,8,430
O95831,DP03963r006,517,550,34,0.0,0,8,430
O95831,DP03963r007,103,127,25,0.0,0,8,430
O95831,DP03963r009,517,545,29,0.0,0,8,430
P47895,DP03964r001,1,26,26,0.0,0,2,549
P47895,DP03964r002,1,19,19,0.0,0,2,549
P30038,DP03965r001,512,537,26,0.0,0,2,487
P30038,DP03965r002,552,563,12,0.0,0,2,487
P49419,DP03966r001,487,509,23,0.0,0,2,512
P49419,DP03966r002,528,539,12,0.0,0,2,512
Q96BT7,DP03967r001,159,173,15,0.0,0,2,383
Q96BT7,DP03967r002,182,191,10,0.0,0,2,383
Q01433,DP03968r001,229,248,20,0.0,0,3,263
Q01433,DP03968r002,390,441,52,0.0,0,3,263
Q01433,DP03968r003,228,248,21,0.0,0,3,263
Q9H1A4,DP03969r001,1,10,10,0.0,0,18,33
Q9H1A4,DP03969r002,33,70,38,0.0,0,18,33
Q9H1A4,DP03969r003,134,145,12,0.0,0,18,33
Q9H1A4,DP03969r004,193,205,13,0.0,0,18,33
Q9H1A4,DP03969r005,277,403,127,0.0,0,18,33
Q9H1A4,DP03969r006,513,580,68,0.0,0,18,33
Q9H1A4,DP03969r007,671,703,33,0.0,0,18,33
Q9H1A4,DP03969r008,732,756,25,0.0,0,18,33
Q9H1A4,DP03969r009,815,838,24,0.0,0,18,33
Q9H1A4,DP03969r010,883,923,41,0.0,0,18,33
Q9H1A4,DP03969r011,987,1012,26,0.0,0,18,33
Q9H1A4,DP03969r012,1334,1346,13,0.0,0,18,33
Q9H1A4,DP03969r013,1438,1451,14,0.0,0,18,33
Q9H1A4,DP03969r014,1705,1746,42,0.0,0,18,33
Q9H1A4,DP03969r015,1756,1769,14,0.0,0,18,33
Q9H1A4,DP03969r016,1828,1838,11,0.0,0,18,33
Q9H1A4,DP03969r017,1896,1907,12,0.0,0,18,33
Q9H1A4,DP03969r018,1933,1944,12,0.0,0,18,33
Q9NW15,DP03970r001,1,12,12,0.0,0,5,388
Q9NW15,DP03970r002,642,660,19,0.0,0,5,388
Q9NW15,DP03970r003,463,474,12,0.0,0,5,388
Q9NW15,DP03970r004,1,13,13,0.0,0,5,388
Q9NW15,DP03970r005,640,660,21,0.0,0,5,388
Q10567,DP03971r001,1,13,13,0.0,0,1,192
P14867,DP03975r001,351,410,60,0.0,0,1,607
P28472,DP03976r001,338,439,102,0.0,0,1,610
P18507,DP03977r001,363,444,82,0.0,0,2,607
P18507,DP03977r002,1,65,65,0.0,0,2,607
Q86WX3,DP03988r001,1,136,136,0.0,0,2,1090
Q86WX3,DP03988r002,1,136,136,0.0,0,2,1090
Q92597,DP03990r001,312,394,83,0.0,0,2,737
Q92597,DP03990r002,312,394,83,0.0,0,2,737
Q9UN86,DP03991r001,45,54,10,0.0,0,1,597
Q6BDI9,DP04022r001,1,14,14,0.0,0,2,940
Q6BDI9,DP04022r002,117,130,14,0.0,0,2,940
P37837,DP04027r001,1,10,10,0.0,0,1,810
P41743,DP04030r001,233,248,16,0.0,0,2,449
P41743,DP04030r002,542,560,19,0.0,0,2,449
Q6ZT98,DP04032r001,236,268,33,0.0,0,3,226
Q6ZT98,DP04032r002,383,450,68,0.0,0,3,226
Q6ZT98,DP04032r003,485,518,34,0.0,0,3,226
O15431,DP04033r001,1,52,52,1.0,1,1,1026
Q96NI6,DP04056r001,222,231,10,0.0,0,2,340
Q96NI6,DP04056r002,292,378,87,1.0,1,2,340
Q9Y4B6,DP04062r001,1486,1499,14,0.0,0,1,66
Q9H078,DP04067r001,208,227,20,0.0,0,1,348
Q96F81,DP04070r001,254,291,38,0.0,0,8,63
Q96F81,DP04070r003,390,414,25,0.0,0,8,63
Q96F81,DP04070r004,663,687,25,0.0,0,8,63
Q96F81,DP04070r005,1145,1249,105,0.0,0,8,63
Q96F81,DP04070r006,1,180,180,0.0,0,8,63
Q96F81,DP04070r007,1149,1524,376,0.0,0,8,63
Q96F81,DP04070r011,662,686,25,0.0,0,8,63
Q96F81,DP04070r012,263,285,23,0.0,0,8,63
Q9Y6X9,DP04074r001,551,603,53,0.0,0,1,167
Q9Y2M5,DP04075r001,303,316,14,0.0,0,1,433
P35790,DP04076r001,151,173,23,0.0,0,7,631
Q9UQ13,DP04077r001,1,85,85,0.0,0,2,466
Q9UQ13,DP04077r002,1,85,85,0.0,0,2,466
P35790,DP04078r001,50,81,32,0.0,0,7,631
P35790,DP04078r002,50,85,36,0.0,0,7,631
P35790,DP04078r003,131,140,10,0.0,0,7,631
P35790,DP04078r004,131,140,10,0.0,0,7,631
P35790,DP04078r006,296,308,13,0.0,0,7,631
P35790,DP04078r007,296,308,13,0.0,0,7,631
Q9ULK4,DP04080r001,1335,1368,34,0.0,0,1,90
Q9UIW2,DP04081r001,25,38,14,0.0,0,1,38
Q9NXG6,DP04082r001,88,106,19,0.0,0,2,566
Q9NXG6,DP04082r002,482,502,21,0.0,0,2,566
Q9BPU6,DP04083r001,493,564,72,0.0,0,1,478
P54577,DP04086r001,343,364,22,0.0,0,1,523
P30531,DP04093r001,1,46,46,0.0,0,2,444
P30531,DP04093r002,578,599,22,0.0,0,2,444
P35219,DP04094r001,1,22,22,0.0,0,1,868
P49758,DP04095r001,453,470,18,0.0,0,1,576
P49802,DP04098r001,451,463,13,0.0,0,4,576
P49802,DP04098r002,1,17,17,0.0,0,4,576
P49802,DP04098r003,219,255,37,0.0,0,4,576
P49802,DP04098r005,451,495,45,0.0,0,4,576
O00584,DP04100r001,215,234,20,0.0,0,1,912
Q9H0W8,DP04101r001,1,11,11,0.0,0,4,540
Q9H0W8,DP04101r002,12,180,169,0.0,0,4,540
Q9H0W8,DP04101r003,12,180,169,0.0,0,4,540
Q9H0W8,DP04101r004,12,180,169,0.0,0,4,540
Q9NRA2,DP04104r001,1,31,31,0.0,0,2,577
Q9NRA2,DP04104r002,69,101,33,0.0,0,2,577
O43747,DP04105r001,677,699,23,0.0,0,1,267
O95470,DP04107r001,62,109,48,0.0,0,2,481
O95470,DP04107r002,554,568,15,0.0,0,2,481
P52306,DP04108r001,61,78,18,0.0,0,1,434
Q15326,DP04109r001,172,195,24,0.0,0,1,440
Q96C36,DP04111r001,274,300,27,0.0,0,1,827
Q3SYG4,DP04112r001,219,232,14,0.0,0,4,225
Q3SYG4,DP04112r002,370,407,38,0.0,0,4,225
Q3SYG4,DP04112r003,210,232,23,0.0,0,4,225
Q3SYG4,DP04112r004,801,887,87,0.0,0,4,225
Q8NFJ9,DP04113r001,1,20,20,0.0,0,1,453
A0A0C4DGY3,DP04114r001,78,180,103,0.0,0,1,559
Q96RK4,DP04115r001,1,27,27,0.0,0,2,541
Q96RK4,DP04115r002,424,519,96,0.0,0,2,541
A8MTZ0,DP04116r001,1,25,25,0.0,0,2,1151
A8MTZ0,DP04116r002,81,92,12,0.0,0,2,1151
Q8N3I7,DP04117r001,135,148,14,0.0,0,2,804
Q8N3I7,DP04117r002,254,341,88,0.0,0,2,804
O43665,DP04118r001,98,116,19,0.0,0,3,1035
O43665,DP04118r002,111,121,11,0.0,0,3,1035
O43665,DP04118r003,10,31,22,0.0,0,3,1035
Q01105,DP04119r001,168,188,21,0.0,0,1,869
O14775,DP04120r001,1,56,56,0.0,0,1,735
Q5T848,DP04121r001,1,69,69,0.0,0,10,120
Q5T848,DP04121r002,221,260,40,0.0,0,10,120
Q5T848,DP04121r003,362,388,27,0.0,0,10,120
Q5T848,DP04121r004,24,70,47,0.0,0,10,120
Q5T848,DP04121r005,221,261,41,0.0,0,10,120
Q5T848,DP04121r006,512,524,13,1.0,1,10,120
Q5T848,DP04121r007,512,524,13,1.0,1,10,120
Q5T848,DP04121r009,669,702,34,0.0,0,10,120
Q5T848,DP04121r010,764,863,100,0.0,0,10,120
Q5T848,DP04121r011,669,710,42,0.0,0,10,120
Q5HYA8,DP04123r001,1,36,36,0.0,0,4,175
Q5HYA8,DP04123r002,644,665,22,0.0,0,4,175
Q5HYA8,DP04123r003,793,827,35,0.0,0,4,175
Q5HYA8,DP04123r004,849,867,19,0.0,0,4,175
P06702,DP04125r001,87,114,28,0.0,0,1,1121
P42858,DP04129r001,1,17,17,0.0,0,38,7
P42858,DP04129r002,1,17,17,0.0,0,38,7
P42858,DP04129r003,19,29,11,0.0,0,38,7
P42858,DP04129r004,1,34,34,0.0,0,38,7
P42858,DP04129r005,1,17,17,0.0,0,38,7
P42858,DP04129r006,39,88,50,0.0,0,38,7
P42858,DP04129r007,1,38,38,0.0,0,38,7
P42858,DP04129r008,1,90,90,0.0,0,38,7
P42858,DP04129r009,1,90,90,0.0,0,38,7
P42858,DP04129r010,1,87,87,0.0,0,38,7
P42858,DP04129r011,1,87,87,0.0,0,38,7
P42858,DP04129r012,1,87,87,0.0,0,38,7
P42858,DP04129r013,1,87,87,0.0,0,38,7
P42858,DP04129r014,1,87,87,0.0,0,38,7
P42858,DP04129r015,1,87,87,0.0,0,38,7
P42858,DP04129r016,1,87,87,0.0,0,38,7
P42858,DP04129r017,1,87,87,0.0,0,38,7
P42858,DP04129r018,1,88,88,0.0,0,38,7
P42858,DP04129r019,1,88,88,0.0,0,38,7
P42858,DP04129r020,1,88,88,0.0,0,38,7
P42858,DP04129r021,1,87,87,0.0,0,38,7
P42858,DP04129r022,1718,1732,15,0.0,0,38,7
P42858,DP04129r024,2067,2095,29,0.0,0,38,7
P42858,DP04129r026,2067,2090,24,0.0,0,38,7
P42858,DP04129r028,407,664,258,0.0,0,38,7
P42858,DP04129r031,1162,1226,65,0.0,0,38,7
P42858,DP04129r032,1,94,94,0.0,0,38,7
P42858,DP04129r033,1323,1351,29,0.0,0,38,7
P42858,DP04129r034,1376,1422,47,0.0,0,38,7
P42858,DP04129r035,1859,1885,27,0.0,0,38,7
P42858,DP04129r036,2329,2351,23,0.0,0,38,7
P42858,DP04129r037,2631,2664,34,0.0,0,38,7
P42858,DP04129r038,3103,3142,40,0.0,0,38,7
P42858,DP04129r041,327,346,20,0.0,0,38,7
P42858,DP04129r042,964,981,18,0.0,0,38,7
P42858,DP04129r043,1107,1124,18,0.0,0,38,7
P42858,DP04129r044,2476,2494,19,0.0,0,38,7
P42858,DP04129r045,2930,2948,19,0.0,0,38,7
Q5TDH0,DP04131r001,116,133,18,0.0,0,2,732
Q5TDH0,DP04131r004,192,212,21,0.0,0,2,732
Q9NZC2,DP04132r001,131,174,44,0.0,0,2,951
Q9NZC2,DP04132r002,189,206,18,0.5555555555555556,1,2,951
P02649,DP04133r001,19,40,22,0.0,0,10,830
P02649,DP04133r002,100,109,10,0.0,0,10,830
P02649,DP04133r003,183,209,27,0.0,0,10,830
P02649,DP04133r004,184,242,59,0.0,0,10,830
P02649,DP04133r005,19,41,23,0.0,0,10,830
P02649,DP04133r006,186,223,38,0.0,0,10,830
P02649,DP04133r007,19,40,22,0.0,0,10,830
P02649,DP04133r008,185,209,25,0.0,0,10,830
P02649,DP04133r009,183,209,27,0.0,0,10,830
P02649,DP04133r010,19,38,20,0.0,0,10,830
Q92800,DP04135r001,1,30,30,0.0,0,5,312
Q92800,DP04135r002,728,747,20,0.0,0,5,312
Q92800,DP04135r003,125,271,147,0.0,0,5,312
Q92800,DP04135r004,323,431,109,0.0,0,5,312
Q92800,DP04135r005,478,517,40,0.0,0,5,312
O43561,DP04137r001,30,233,204,0.0,0,1,905
O14497,DP04139r001,1,1016,1016,0.0,0,2,25
O14497,DP04139r002,1124,1611,488,0.0,0,2,25
Q96E09,DP04141r001,1,124,124,0.25,0,3,874
Q96E09,DP04141r005,81,111,31,1.0,1,3,874
Q96E09,DP04141r007,29,80,52,0.0,0,3,874
P21579,DP04145r001,81,142,62,0.0,0,2,686
P21579,DP04145r004,81,142,62,0.0,0,2,686
P51788,DP04149r001,1,88,88,0.17045454545454544,0,7,218
P51788,DP04149r002,650,753,104,0.0,0,7,218
P51788,DP04149r003,846,898,53,0.0,0,7,218
P51788,DP04149r004,561,572,12,0.0,0,7,218
P51788,DP04149r005,645,743,99,0.0,0,7,218
P51788,DP04149r009,14,28,15,1.0,1,7,218
P51788,DP04149r010,409,418,10,0.0,0,7,218
P28749,DP04155r001,612,687,76,0.0,0,1,149
Q96B97,DP04156r001,163,263,101,0.13861386138613863,0,1,381
O00418,DP04157r001,562,597,36,0.0,0,1,335
Q9BX66,DP04158r001,851,867,17,0.0,0,1,103
O94885,DP04164r001,396,564,169,0.0,0,1,113
Q8N6T7,DP04167r001,284,355,72,0.0,0,4,788
Q8N6T7,DP04167r002,1,25,25,0.0,0,4,788
Q8N6T7,DP04167r003,62,84,23,0.0,0,4,788
Q8N6T7,DP04167r007,270,355,86,0.0,0,4,788
O00499,DP04169r001,1,41,41,0.8048780487804879,1,3,451
O00499,DP04169r003,1,33,33,1.0,1,3,451
O00499,DP04169r006,1,33,33,1.0,1,3,451
Q92784,DP04171r001,60,200,141,0.0,0,5,740
Q92784,DP04171r002,222,259,38,0.0,0,5,740
Q9BUR4,DP04173r001,1,150,150,0.0,0,5,503
Q9BUR4,DP04173r002,199,209,11,0.0,0,5,503
Q9BUR4,DP04173r003,442,452,11,0.0,0,5,503
Q9BUR4,DP04173r004,486,503,18,0.0,0,5,503
Q9BUR4,DP04173r005,511,548,38,0.0,0,5,503
P05114,DP04177r001,1,100,100,0.0,0,3,1146
P05114,DP04177r002,1,100,100,0.0,0,3,1146
P05114,DP04177r003,1,100,100,0.0,0,3,1146
O14746,DP04178r001,180,321,142,0.0,0,2,132
O14746,DP04178r002,418,443,26,0.0,0,2,132
P30519,DP04179r001,1,29,29,0.0,0,2,833
P30519,DP04179r002,249,264,16,0.0,0,2,833
O60232,DP04180r001,1,12,12,0.0,0,2,1006
O60232,DP04180r002,78,111,34,0.0,0,2,1006
Q99453,DP04182r001,228,240,13,0.0,0,2,836
Q99453,DP04182r002,261,314,54,0.0,0,2,836
P49748,DP04188r001,486,518,33,0.0,0,1,390
P29372,DP04189r001,131,141,11,1.0,1,2,861
P29372,DP04189r002,263,273,11,1.0,1,2,861
Q9BZV1,DP04211r001,1,133,133,0.0,0,3,657
Q9BZV1,DP04211r002,1,133,133,0.0,0,3,657
Q9BZV1,DP04211r005,1,154,154,0.0,0,3,657
Q2KHT3,DP04217r002,892,1052,161,0.0,0,2,154
Q2KHT3,DP04217r003,892,1052,161,0.0,0,2,154
O95433,DP04219r002,162,204,43,0.0,0,2,809
O95433,DP04219r007,1,27,27,0.0,0,2,809
Q9H4H8,DP04220r001,380,448,69,0.0,0,1,461
Q8N5K1,DP04237r001,57,72,16,0.0,0,1,1091
P53355,DP04239r001,303,334,32,0.5625,1,2,80
P53355,DP04239r004,303,320,18,1.0,1,2,80
P45973,DP04242r001,1,21,21,0.0,0,3,1025
P45973,DP04242r002,79,123,45,0.0,0,3,1025
P45973,DP04242r003,178,191,14,0.0,0,3,1025
P40205,DP04244r001,1,109,109,0.0,0,2,1130
P40205,DP04244r002,1,109,109,0.0,0,2,1130
O60832,DP04251r001,1,22,22,0.0,0,2,545
O60832,DP04251r003,422,514,93,0.0,0,2,545
Q9NX24,DP04252r001,1,22,22,0.0,0,1,1069
Q9NY12,DP04253r001,162,217,56,0.0,0,2,973
Q9NY12,DP04253r004,1,64,64,0.0,0,2,973
Q9NZI8,DP04257r001,157,194,38,0.0,0,2,471
Q9NZI8,DP04257r002,344,404,61,0.0,0,2,471
Q15022,DP04258r001,168,181,14,0.0,0,11,323
Q15022,DP04258r002,256,293,38,0.0,0,11,323
Q15022,DP04258r003,323,350,28,0.0,0,11,323
Q15022,DP04258r004,364,422,59,0.0,0,11,323
Q15022,DP04258r005,497,513,17,0.0,0,11,323
Q15022,DP04258r006,150,188,39,0.0,0,11,323
Q15022,DP04258r007,201,241,41,1.0,1,11,323
Q15022,DP04258r008,251,367,117,0.0,0,11,323
Q15022,DP04258r009,380,423,44,0.0,0,11,323
Q15022,DP04258r010,497,510,14,0.0,0,11,323
Q15022,DP04258r011,201,241,41,1.0,1,11,323
Q9H9Q4,DP04259r001,229,299,71,0.0,0,1,859
P07196,DP04260r004,40,63,24,0.0,0,2,206
P07196,DP04260r006,40,63,24,0.0,0,2,206
P02489,DP04261r001,149,173,25,0.0,0,2,1045
P02489,DP04261r002,1,60,60,0.0,0,2,1045
P04792,DP04262r001,178,205,28,0.0,0,1,997
P18848,DP04263r001,1,275,275,0.0,0,1,793
Q5SWA1,DP04264r001,414,613,200,0.0,0,3,342
Q5SWA1,DP04264r003,414,613,200,0.0,0,3,342
Q5SWA1,DP04264r008,1,713,713,0.0,0,3,342
Q9NPD8,DP04267r001,157,197,41,0.0,0,1,1016
Q8WXC6,DP04270r001,1,40,40,0.0,0,2,1166
Q8WXC6,DP04270r002,1,57,57,0.0,0,2,1166
P02647,DP04271r001,210,267,58,0.0,0,4,900
P02647,DP04271r002,140,170,31,0.0,0,4,900
P02647,DP04271r006,25,267,243,0.05761316872427984,0,4,900
P02647,DP04271r007,44,54,11,0.0,0,4,900
Q9Y2G2,DP04274r001,1,162,162,0.0,0,1,513
Q13613,DP04276r001,1,94,94,0.0,0,1,380
Q8N465,DP04277r001,1,51,51,0.0,0,1,536
Q9UMY1,DP04278r001,1,94,94,0.0,0,1,911
P49815,DP04279r001,50,126,77,0.0,0,6,47
P49815,DP04279r002,644,682,39,0.0,0,6,47
P49815,DP04279r003,937,970,34,0.0,0,6,47
P49815,DP04279r004,1039,1137,99,0.0,0,6,47
P49815,DP04279r005,1202,1426,225,0.0,0,6,47
P49815,DP04279r006,1689,1740,52,0.0,0,6,47
P68431,DP04281r001,1,38,38,0.0,0,1,1089
Q8TDX7,DP04284r001,182,195,14,0.0,0,2,854
Q8TDX7,DP04284r005,1,19,19,0.0,0,2,854
Q9UK59,DP04285r001,394,544,151,0.0,0,1,506
Q8TAP9,DP04286r001,1,135,135,0.0,0,2,1038
Q8TAP9,DP04286r002,160,179,20,0.0,0,2,1038
O14907,DP04287r001,1,10,10,0.0,0,2,1110
O14907,DP04287r002,113,124,12,0.0,0,2,1110
Q9Y572,DP04295r001,387,518,132,0.2196969696969697,0,8,543
Q9Y572,DP04295r004,388,447,60,0.016666666666666666,0,8,543
Q9Y572,DP04295r005,470,518,49,0.12244897959183673,0,8,543
Q9Y572,DP04295r006,476,518,43,0.0,0,8,543
Q9Y572,DP04295r007,418,446,29,0.0,0,8,543
Q9Y572,DP04295r008,447,475,29,1.0,1,8,543
Q9Y572,DP04295r011,448,469,22,1.0,1,8,543
Q9Y572,DP04295r020,300,518,219,0.1324200913242009,0,8,543
Q9NPJ4,DP04297r001,1,101,101,0.0,0,1,1087
Q13546,DP04298r001,300,560,261,0.06896551724137931,0,4,376
Q13546,DP04298r002,496,531,36,0.0,0,4,376
Q13546,DP04298r003,549,583,35,0.02857142857142857,0,4,376
Q13546,DP04298r007,532,549,18,1.0,1,4,376
O43353,DP04299r001,173,183,11,0.0,0,3,509
O43353,DP04299r002,519,540,22,0.0,0,3,509
O43353,DP04299r003,512,540,29,0.0,0,3,509
Q9UBB9,DP04300r001,1,350,350,0.0,0,3,258
Q9UBB9,DP04300r002,1,350,350,0.0,0,3,258
Q9UBB9,DP04300r004,1,350,350,0.0,0,3,258
Q9UJY1,DP04309r003,1,89,89,0.0,0,2,1018
Q9UJY1,DP04309r004,171,196,26,0.0,0,2,1018
Q969S2,DP04324r001,56,129,74,0.0,0,1,815
O95714,DP04325r001,4793,4834,42,0.0,0,1,2
P28360,DP04347r011,1,172,172,0.0,0,1,851
Q96PD5,DP04348r003,164,208,45,0.0,0,1,473
Q8N114,DP04349r003,126,240,115,0.0,0,1,932
Q86VY4,DP04388r001,1,195,195,0.0,0,3,701
Q86VY4,DP04388r002,1,195,195,0.0,0,3,701
Q86VY4,DP04388r003,1,242,242,0.0,0,3,701
